,Message
0,u'spam
1,u'info
2,u'spam
3,u'info
4,u'spam
5,u'info
6,u'ham
7,u'ham
8,u'info
9,u'ham
10,u'spam
11,u'info
12,u'spam
13,u'ham
14,u'spam
15,u'spam
16,u'info
17,u'info
18,u'spam
19,u'ham
20,u'info
21,u'info
22,u'info
23,u'info
24,u'info
25,u'info
26,u'info
27,u'info
28,u'spam
29,u'info
30,u'ham
31,u'ham
32,u'spam
33,u'info
34,u'ham
35,u'info
36,u'ham
37,u'ham
38,u'info
39,u'info
40,u'info
41,u'info
42,u'spam
43,u'info
44,u'spam
45,u'info
46,u'info
47,u'info
48,u'spam
49,u'info
50,u'spam
51,u'info
52,u'spam
53,u'ham
54,u'info
55,u'ham
56,u'ham
57,u'ham
58,u'spam
59,u'info
60,u'spam
61,u'ham
62,u'ham
63,u'ham
64,u'spam
65,u'ham
66,u'info
67,u'ham
68,u'ham
69,u'spam
70,u'info
71,u'info
72,u'info
73,u'info
74,u'info
75,u'spam
76,u'ham
77,u'ham
78,u'info
79,u'info
80,u'ham
81,u'ham
82,u'ham
83,u'spam
84,u'spam
85,u'ham
86,u'info
87,u'spam
88,u'ham
89,u'info
90,u'info
91,u'info
92,u'info
93,u'spam
94,u'info
95,u'info
96,u'ham
97,u'ham
98,u'info
99,u'spam
100,u'ham
101,u'spam
102,u'ham
103,u'ham
104,u'ham
105,u'spam
106,u'spam
107,u'ham
108,u'ham
109,u'spam
110,u'ham
111,u'info
112,u'info
113,u'spam
114,u'info
115,u'info
116,u'ham
117,u'ham
118,u'spam
119,u'spam
120,u'ham
121,u'spam
122,u'info
123,u'spam
124,u'info
125,u'ham
126,u'info
127,u'ham
128,u'spam
129,u'info
130,u'ham
131,u'ham
132,u'ham
133,u'ham
134,u'spam
135,u'ham
136,u'spam
137,u'info
138,u'spam
139,u'info
140,u'ham
141,u'info
142,u'info
143,u'spam
144,u'ham
145,u'info
146,u'ham
147,u'ham
148,u'info
149,u'ham
150,u'ham
151,u'spam
152,u'spam
153,u'spam
154,u'info
155,u'spam
156,u'ham
157,u'info
158,u'info
159,u'info
160,u'ham
161,u'info
162,u'info
163,u'spam
164,u'info
165,u'spam
166,u'spam
167,u'ham
168,u'spam
169,u'spam
170,u'ham
171,u'spam
172,u'info
173,u'info
174,u'ham
175,u'info
176,u'ham
177,u'ham
178,u'ham
179,u'ham
180,u'ham
181,u'spam
182,u'info
183,u'ham
184,u'info
185,u'ham
186,u'ham
187,u'spam
188,u'info
189,u'info
190,u'spam
191,u'spam
192,u'ham
193,u'spam
194,u'ham
195,u'ham
196,u'ham
197,u'spam
198,u'ham
199,u'ham
200,u'ham
201,u'spam
202,u'spam
203,u'info
204,u'ham
205,u'ham
206,u'ham
207,u'spam
208,u'ham
209,u'info
210,u'ham
211,u'info
212,u'ham
213,u'info
214,u'ham
215,u'ham
216,u'ham
217,u'spam
218,u'ham
219,u'ham
220,u'spam
221,u'ham
222,u'ham
223,u'info
224,u'info
225,u'spam
226,u'ham
227,u'ham
228,u'info
229,u'info
230,u'spam
231,u'info
232,u'info
233,u'spam
234,u'info
235,u'ham
236,u'info
237,u'spam
238,u'ham
239,u'ham
240,u'ham
241,u'ham
242,u'info
243,u'info
244,u'ham
245,u'info
246,u'spam
247,u'spam
248,u'ham
249,u'info
250,u'spam
251,u'spam
252,u'spam
253,u'info
254,u'info
255,u'ham
256,u'ham
257,u'info
258,u'spam
259,u'spam
260,u'info
261,u'ham
262,u'spam
263,u'ham
264,u'ham
265,u'ham
266,u'ham
267,u'ham
268,u'ham
269,u'ham
270,u'spam
271,u'info
272,u'ham
273,u'ham
274,u'info
275,u'info
276,u'ham
277,u'info
278,u'ham
279,u'ham
280,u'spam
281,u'spam
282,u'info
283,u'info
284,u'info
285,u'ham
286,u'info
287,u'spam
288,u'spam
289,u'ham
290,u'info
291,u'info
292,u'ham
293,u'ham
294,u'info
295,u'info
296,u'spam
297,u'ham
298,u'info
299,u'info
300,u'info
301,u'ham
302,u'info
303,u'spam
304,u'info
305,u'ham
306,u'spam
307,u'spam
308,u'spam
309,u'info
310,u'ham
311,u'info
312,u'ham
313,u'ham
314,u'info
315,u'info
316,u'info
317,u'spam
318,u'spam
319,u'info
320,u'info
321,u'ham
322,u'spam
323,u'spam
324,u'info
325,u'info
326,u'info
327,u'spam
328,u'ham
329,u'info
330,u'ham
331,u'ham
332,u'spam
333,u'info
334,u'ham
335,u'info
336,u'ham
337,u'ham
338,u'ham
339,u'info
340,u'ham
341,u'ham
342,u'spam
343,u'info
344,u'info
345,u'info
346,u'ham
347,u'info
348,u'spam
349,u'ham
350,u'ham
351,u'info
352,u'spam
353,u'ham
354,u'ham
355,u'info
356,u'info
357,u'info
358,u'spam
359,u'info
360,u'ham
361,u'ham
362,u'info
363,u'spam
364,u'ham
365,u'spam
366,u'info
367,u'spam
368,u'info
369,u'spam
370,u'spam
371,u'ham
372,u'ham
373,u'ham
374,u'spam
375,u'ham
376,u'ham
377,u'ham
378,u'ham
379,u'info
380,u'spam
381,u'ham
382,u'spam
383,u'spam
384,u'info
385,u'info
386,u'spam
387,u'info
388,u'ham
389,u'ham
390,u'ham
391,u'spam
392,u'info
393,u'spam
394,u'info
395,u'info
396,u'spam
397,u'info
398,u'spam
399,u'info
400,u'info
401,u'info
402,u'info
403,u'info
404,u'info
405,u'ham
406,u'ham
407,u'ham
408,u'ham
409,u'info
410,u'info
411,u'info
412,u'spam
413,u'ham
414,u'ham
415,u'info
416,u'ham
417,u'info
418,u'ham
419,u'ham
420,u'spam
421,u'info
422,u'info
423,u'info
424,u'ham
425,u'info
426,u'spam
427,u'ham
428,u'ham
429,u'ham
430,u'info
431,u'info
432,u'spam
433,u'info
434,u'ham
435,u'spam
436,u'info
437,u'ham
438,u'ham
439,u'ham
440,u'info
441,u'info
442,u'spam
443,u'ham
444,u'info
445,u'ham
446,u'ham
447,u'spam
448,u'info
449,u'info
450,u'ham
451,u'ham
452,u'info
453,u'ham
454,u'spam
455,u'ham
456,u'ham
457,u'spam
458,u'info
459,u'info
460,u'ham
461,u'info
462,u'info
463,u'spam
464,u'spam
465,u'ham
466,u'info
467,u'ham
468,u'ham
469,u'ham
470,u'ham
471,u'ham
472,u'ham
473,u'info
474,u'ham
475,u'spam
476,u'info
477,u'info
478,u'ham
479,u'ham
480,u'ham
481,u'info
482,u'info
483,u'ham
484,u'spam
485,u'info
486,u'spam
487,u'ham
488,u'ham
489,u'ham
490,u'spam
491,u'info
492,u'ham
493,u'spam
494,u'info
495,u'info
496,u'spam
497,u'ham
498,u'info
499,u'ham
500,u'ham
501,u'info
502,u'spam
503,u'spam
504,u'spam
505,u'ham
506,u'spam
507,u'info
508,u'info
509,u'info
510,u'info
511,u'ham
512,u'info
513,u'info
514,u'info
515,u'info
516,u'spam
517,u'info
518,u'info
519,u'info
520,u'spam
521,u'info
522,u'ham
523,u'spam
524,u'info
525,u'ham
526,u'ham
527,u'info
528,u'spam
529,u'spam
530,u'spam
531,u'info
532,u'ham
533,u'info
534,u'ham
535,u'info
536,u'spam
537,u'ham
538,u'spam
539,u'info
540,u'ham
541,u'spam
542,u'ham
543,u'spam
544,u'ham
545,u'info
546,u'info
547,u'ham
548,u'info
549,u'ham
550,u'ham
551,u'spam
552,u'spam
553,u'spam
554,u'spam
555,u'ham
556,u'ham
557,u'ham
558,u'info
559,u'info
560,u'ham
561,u'spam
562,u'info
563,u'spam
564,u'ham
565,u'ham
566,u'info
567,u'info
568,u'info
569,u'spam
570,u'ham
571,u'ham
572,u'spam
573,u'info
574,u'spam
575,u'info
576,u'ham
577,u'info
578,u'info
579,u'info
580,u'ham
581,u'ham
582,u'ham
583,u'info
584,u'spam
585,u'info
586,u'ham
587,u'info
588,u'info
589,u'ham
590,u'ham
591,u'info
592,u'ham
593,u'ham
594,u'ham
595,u'info
596,u'ham
597,u'info
598,u'ham
599,u'ham
600,u'ham
601,u'spam
602,u'spam
603,u'ham
604,u'info
605,u'info
606,u'info
607,u'ham
608,u'spam
609,u'ham
610,u'info
611,u'info
612,u'ham
613,u'info
614,u'info
615,u'info
616,u'ham
617,u'ham
618,u'ham
619,u'info
620,u'ham
621,u'spam
622,u'info
623,u'info
624,u'info
625,u'info
626,u'ham
627,u'ham
628,u'ham
629,u'info
630,u'info
631,u'info
632,u'info
633,u'spam
634,u'ham
635,u'info
636,u'spam
637,u'info
638,u'spam
639,u'info
640,u'spam
641,u'info
642,u'ham
643,u'info
644,u'info
645,u'info
646,u'info
647,u'info
648,u'info
649,u'info
650,u'spam
651,u'ham
652,u'spam
653,u'ham
654,u'info
655,u'ham
656,u'ham
657,u'ham
658,u'spam
659,u'info
660,u'ham
661,u'spam
662,u'info
663,u'info
664,u'ham
665,u'spam
666,u'info
667,u'ham
668,u'spam
669,u'info
670,u'ham
671,u'spam
672,u'info
673,u'ham
674,u'info
675,u'ham
676,u'info
677,u'info
678,u'info
679,u'ham
680,u'spam
681,u'info
682,u'info
683,u'ham
684,u'info
685,u'info
686,u'ham
687,u'info
688,u'info
689,u'info
690,u'info
691,u'info
692,u'ham
693,u'spam
694,u'info
695,u'spam
696,u'info
697,u'spam
698,u'ham
699,u'ham
700,u'ham
701,u'ham
702,u'info
703,u'info
704,u'info
705,u'spam
706,u'ham
707,u'ham
708,u'spam
709,u'info
710,u'ham
711,u'spam
712,u'ham
713,u'ham
714,u'spam
715,u'spam
716,u'spam
717,u'spam
718,u'ham
719,u'spam
720,u'info
721,u'ham
722,u'spam
723,u'info
724,u'spam
725,u'spam
726,u'spam
727,u'ham
728,u'spam
729,u'ham
730,u'ham
731,u'ham
732,u'info
733,u'info
734,u'ham
735,u'info
736,u'spam
737,u'ham
738,u'info
739,u'info
740,u'ham
741,u'ham
742,u'ham
743,u'spam
744,u'info
745,u'ham
746,u'ham
747,u'spam
748,u'info
749,u'spam
750,u'spam
751,u'info
752,u'spam
753,u'info
754,u'ham
755,u'info
756,u'info
757,u'info
758,u'spam
759,u'spam
760,u'spam
761,u'ham
762,u'info
763,u'info
764,u'info
765,u'info
766,u'info
767,u'info
768,u'ham
769,u'ham
770,u'info
771,u'info
772,u'spam
773,u'info
774,u'info
775,u'ham
776,u'info
777,u'ham
778,u'ham
779,u'spam
780,u'ham
781,u'info
782,u'ham
783,u'spam
784,u'info
785,u'spam
786,u'spam
787,u'ham
788,u'ham
789,u'ham
790,u'ham
791,u'ham
792,u'ham
793,u'spam
794,u'spam
795,u'ham
796,u'info
797,u'ham
798,u'ham
799,u'ham
800,u'ham
801,u'ham
802,u'ham
803,u'ham
804,u'spam
805,u'ham
806,u'ham
807,u'ham
808,u'spam
809,u'ham
810,u'info
811,u'info
812,u'spam
813,u'spam
814,u'info
815,u'ham
816,u'ham
817,u'ham
818,u'ham
819,u'info
820,u'info
821,u'ham
822,u'spam
823,u'ham
824,u'ham
825,u'info
826,u'ham
827,u'info
828,u'spam
829,u'ham
830,u'info
831,u'info
832,u'info
833,u'spam
834,u'spam
835,u'info
836,u'info
837,u'ham
838,u'info
839,u'info
840,u'ham
841,u'info
842,u'spam
843,u'info
844,u'spam
845,u'ham
846,u'info
847,u'ham
848,u'info
849,u'info
850,u'info
851,u'spam
852,u'ham
853,u'info
854,u'info
855,u'ham
856,u'info
857,u'info
858,u'spam
859,u'info
860,u'ham
861,u'ham
862,u'info
863,u'spam
864,u'info
865,u'spam
866,u'spam
867,u'info
868,u'info
869,u'info
870,u'ham
871,u'info
872,u'ham
873,u'info
874,u'spam
875,u'info
876,u'info
877,u'info
878,u'info
879,u'ham
880,u'ham
881,u'spam
882,u'ham
883,u'spam
884,u'ham
885,u'info
886,u'spam
887,u'info
888,u'spam
889,u'info
890,u'info
891,u'info
892,u'info
893,u'spam
894,u'ham
895,u'info
896,u'ham
897,u'ham
898,u'info
899,u'spam
900,u'ham
901,u'ham
902,u'ham
903,u'spam
904,u'info
905,u'ham
906,u'info
907,u'ham
908,u'spam
909,u'ham
910,u'spam
911,u'ham
912,u'ham
913,u'info
914,u'ham
915,u'spam
916,u'ham
917,u'spam
918,u'spam
919,u'info
920,u'ham
921,u'ham
922,u'info
923,u'spam
924,u'ham
925,u'info
926,u'ham
927,u'spam
928,u'ham
929,u'ham
930,u'info
931,u'info
932,u'ham
933,u'ham
934,u'info
935,u'ham
936,u'info
937,u'spam
938,u'ham
939,u'ham
940,u'info
941,u'spam
942,u'info
943,u'info
944,u'info
945,u'spam
946,u'spam
947,u'ham
948,u'ham
949,u'spam
950,u'ham
951,u'info
952,u'info
953,u'ham
954,u'info
955,u'spam
956,u'info
957,u'info
958,u'ham
959,u'info
960,u'ham
961,u'ham
962,u'info
963,u'ham
964,u'ham
965,u'info
966,u'spam
967,u'info
968,u'ham
969,u'spam
970,u'ham
971,u'info
972,u'ham
973,u'spam
974,u'ham
975,u'info
976,u'info
977,u'ham
978,u'ham
979,u'spam
980,u'info
981,u'ham
982,u'ham
983,u'spam
984,u'info
985,u'info
986,u'spam
987,u'info
988,u'ham
989,u'ham
990,u'info
991,u'ham
992,u'info
993,u'ham
994,u'info
995,u'spam
996,u'spam
997,u'info
998,u'spam
999,u'ham
1000,u'info
1001,u'spam
1002,u'ham
1003,u'ham
1004,u'spam
1005,u'ham
1006,u'ham
1007,u'spam
1008,u'info
1009,u'info
1010,u'info
1011,u'spam
1012,u'info
1013,u'info
1014,u'info
1015,u'ham
1016,u'ham
1017,u'spam
1018,u'info
1019,u'info
1020,u'ham
1021,u'ham
1022,u'ham
1023,u'info
1024,u'ham
1025,u'info
1026,u'ham
1027,u'spam
1028,u'spam
1029,u'spam
1030,u'ham
1031,u'spam
1032,u'ham
1033,u'info
1034,u'info
1035,u'spam
1036,u'spam
1037,u'spam
1038,u'spam
1039,u'info
1040,u'ham
1041,u'spam
1042,u'info
1043,u'ham
1044,u'ham
1045,u'spam
1046,u'spam
1047,u'info
1048,u'info
1049,u'info
1050,u'ham
1051,u'ham
1052,u'spam
1053,u'ham
1054,u'info
1055,u'ham
1056,u'info
1057,u'info
1058,u'info
1059,u'info
1060,u'info
1061,u'ham
1062,u'spam
1063,u'spam
1064,u'ham
1065,u'info
1066,u'spam
1067,u'spam
1068,u'ham
1069,u'spam
1070,u'spam
1071,u'ham
1072,u'spam
1073,u'info
1074,u'ham
1075,u'info
1076,u'info
1077,u'ham
1078,u'info
1079,u'info
1080,u'info
1081,u'ham
1082,u'info
1083,u'info
1084,u'info
1085,u'ham
1086,u'info
1087,u'ham
1088,u'spam
1089,u'spam
1090,u'ham
1091,u'spam
1092,u'info
1093,u'ham
1094,u'spam
1095,u'info
1096,u'info
1097,u'ham
1098,u'spam
1099,u'info
1100,u'info
1101,u'info
1102,u'spam
1103,u'info
1104,u'info
1105,u'ham
1106,u'ham
1107,u'spam
1108,u'ham
1109,u'info
1110,u'spam
1111,u'ham
1112,u'spam
1113,u'info
1114,u'info
1115,u'info
1116,u'ham
1117,u'info
1118,u'spam
1119,u'ham
1120,u'ham
1121,u'info
1122,u'info
1123,u'ham
1124,u'ham
1125,u'spam
1126,u'ham
1127,u'info
1128,u'ham
1129,u'ham
1130,u'info
1131,u'ham
1132,u'ham
1133,u'info
1134,u'info
1135,u'info
1136,u'ham
1137,u'info
1138,u'info
1139,u'ham
1140,u'ham
1141,u'ham
1142,u'info
1143,u'info
1144,u'info
1145,u'ham
1146,u'spam
1147,u'info
1148,u'spam
1149,u'spam
1150,u'info
1151,u'spam
1152,u'info
1153,u'info
1154,u'spam
1155,u'spam
1156,u'ham
1157,u'info
1158,u'ham
1159,u'spam
1160,u'info
1161,u'info
1162,u'info
1163,u'ham
1164,u'info
1165,u'info
1166,u'spam
1167,u'ham
1168,u'spam
1169,u'ham
1170,u'spam
1171,u'info
1172,u'ham
1173,u'spam
1174,u'info
1175,u'spam
1176,u'ham
1177,u'spam
1178,u'spam
1179,u'info
1180,u'ham
1181,u'spam
1182,u'ham
1183,u'spam
1184,u'info
1185,u'ham
1186,u'spam
1187,u'ham
1188,u'info
1189,u'info
1190,u'ham
1191,u'ham
1192,u'ham
1193,u'ham
1194,u'info
1195,u'ham
1196,u'ham
1197,u'info
1198,u'spam
1199,u'info
1200,u'info
1201,u'info
1202,u'spam
1203,u'spam
1204,u'info
1205,u'info
1206,u'spam
1207,u'info
1208,u'info
1209,u'ham
1210,u'info
1211,u'ham
1212,u'spam
1213,u'info
1214,u'spam
1215,u'spam
1216,u'info
1217,u'info
1218,u'info
1219,u'ham
1220,u'spam
1221,u'info
1222,u'info
1223,u'spam
1224,u'info
1225,u'ham
1226,u'info
1227,u'info
1228,u'info
1229,u'info
1230,u'spam
1231,u'ham
1232,u'ham
1233,u'info
1234,u'info
1235,u'spam
1236,u'info
1237,u'spam
1238,u'spam
1239,u'ham
1240,u'ham
1241,u'info
1242,u'spam
1243,u'ham
1244,u'ham
1245,u'spam
1246,u'info
1247,u'info
1248,u'spam
1249,u'info
1250,u'ham
1251,u'info
1252,u'ham
1253,u'ham
1254,u'ham
1255,u'info
1256,u'spam
1257,u'info
1258,u'info
1259,u'info
1260,u'ham
1261,u'info
1262,u'spam
1263,u'spam
1264,u'ham
1265,u'info
1266,u'spam
1267,u'ham
1268,u'ham
1269,u'ham
1270,u'ham
1271,u'spam
1272,u'info
1273,u'ham
1274,u'ham
1275,u'ham
1276,u'spam
1277,u'info
1278,u'spam
1279,u'info
1280,u'ham
1281,u'info
1282,u'info
1283,u'ham
1284,u'ham
1285,u'ham
1286,u'ham
1287,u'spam
1288,u'info
1289,u'ham
1290,u'info
1291,u'info
1292,u'info
1293,u'ham
1294,u'info
1295,u'info
1296,u'ham
1297,u'ham
1298,u'info
1299,u'info
1300,u'info
1301,u'ham
1302,u'info
1303,u'ham
1304,u'spam
1305,u'ham
1306,u'info
1307,u'info
1308,u'info
1309,u'ham
1310,u'info
1311,u'info
1312,u'info
1313,u'spam
1314,u'ham
1315,u'spam
1316,u'info
1317,u'info
1318,u'ham
1319,u'ham
1320,u'info
1321,u'ham
1322,u'info
1323,u'info
1324,u'ham
1325,u'info
1326,u'spam
1327,u'spam
1328,u'info
1329,u'ham
1330,u'ham
1331,u'info
1332,u'spam
1333,u'spam
1334,u'info
1335,u'ham
1336,u'info
1337,u'spam
1338,u'info
1339,u'ham
1340,u'spam
1341,u'spam
1342,u'info
1343,u'info
1344,u'info
1345,u'ham
1346,u'ham
1347,u'ham
1348,u'ham
1349,u'ham
1350,u'info
1351,u'ham
1352,u'spam
1353,u'spam
1354,u'info
1355,u'spam
1356,u'info
1357,u'info
1358,u'info
1359,u'ham
1360,u'spam
1361,u'ham
1362,u'ham
1363,u'spam
1364,u'ham
1365,u'info
1366,u'info
1367,u'info
1368,u'info
1369,u'info
1370,u'info
1371,u'info
1372,u'info
1373,u'spam
1374,u'info
1375,u'ham
1376,u'spam
1377,u'info
1378,u'info
1379,u'info
1380,u'spam
1381,u'info
1382,u'info
1383,u'spam
1384,u'spam
1385,u'ham
1386,u'ham
1387,u'ham
1388,u'info
1389,u'spam
1390,u'info
1391,u'info
1392,u'spam
1393,u'ham
1394,u'ham
1395,u'ham
1396,u'ham
1397,u'spam
1398,u'spam
1399,u'spam
1400,u'info
1401,u'spam
1402,u'info
1403,u'ham
1404,u'spam
1405,u'ham
1406,u'info
1407,u'info
1408,u'info
1409,u'spam
1410,u'info
1411,u'info
1412,u'ham
1413,u'info
1414,u'ham
1415,u'info
1416,u'ham
1417,u'spam
1418,u'ham
1419,u'spam
1420,u'ham
1421,u'ham
1422,u'spam
1423,u'info
1424,u'info
1425,u'spam
1426,u'ham
1427,u'info
1428,u'info
1429,u'info
1430,u'info
1431,u'ham
1432,u'info
1433,u'ham
1434,u'ham
1435,u'info
1436,u'spam
1437,u'ham
1438,u'info
1439,u'info
1440,u'ham
1441,u'info
1442,u'spam
1443,u'ham
1444,u'info
1445,u'spam
1446,u'ham
1447,u'info
1448,u'spam
1449,u'info
1450,u'info
1451,u'ham
1452,u'ham
1453,u'ham
1454,u'ham
1455,u'ham
1456,u'info
1457,u'spam
1458,u'ham
1459,u'info
1460,u'info
1461,u'spam
1462,u'ham
1463,u'info
1464,u'info
1465,u'info
1466,u'info
1467,u'spam
1468,u'ham
1469,u'ham
1470,u'spam
1471,u'ham
1472,u'ham
1473,u'info
1474,u'spam
1475,u'spam
1476,u'info
1477,u'ham
1478,u'info
1479,u'info
1480,u'info
1481,u'spam
1482,u'info
1483,u'spam
1484,u'ham
1485,u'ham
1486,u'info
1487,u'ham
1488,u'spam
1489,u'ham
1490,u'ham
1491,u'spam
1492,u'info
1493,u'spam
1494,u'info
1495,u'info
1496,u'ham
1497,u'spam
1498,u'spam
1499,u'info
1500,u'ham
1501,u'ham
1502,u'spam
1503,u'ham
1504,u'spam
1505,u'spam
1506,u'info
1507,u'info
1508,u'ham
1509,u'info
1510,u'ham
1511,u'ham
1512,u'info
1513,u'ham
1514,u'ham
1515,u'spam
1516,u'spam
1517,u'ham
1518,u'ham
1519,u'info
1520,u'ham
1521,u'ham
1522,u'ham
1523,u'spam
1524,u'info
1525,u'info
1526,u'ham
1527,u'info
1528,u'info
1529,u'info
1530,u'spam
1531,u'ham
1532,u'ham
1533,u'info
1534,u'info
1535,u'ham
1536,u'ham
1537,u'ham
1538,u'spam
1539,u'ham
1540,u'info
1541,u'info
1542,u'info
1543,u'ham
1544,u'spam
1545,u'spam
1546,u'spam
1547,u'info
1548,u'spam
1549,u'ham
1550,u'info
1551,u'info
1552,u'ham
1553,u'info
1554,u'ham
1555,u'info
1556,u'ham
1557,u'spam
1558,u'info
1559,u'ham
1560,u'spam
1561,u'info
1562,u'info
1563,u'spam
1564,u'spam
1565,u'info
1566,u'spam
1567,u'spam
1568,u'ham
1569,u'ham
1570,u'info
1571,u'info
1572,u'info
1573,u'ham
1574,u'info
1575,u'info
1576,u'info
1577,u'ham
1578,u'spam
1579,u'spam
1580,u'info
1581,u'info
1582,u'info
1583,u'info
1584,u'ham
1585,u'info
1586,u'info
1587,u'info
1588,u'info
1589,u'ham
1590,u'info
1591,u'ham
1592,u'ham
1593,u'info
1594,u'info
1595,u'ham
1596,u'spam
1597,u'ham
1598,u'info
1599,u'ham
1600,u'info
1601,u'info
1602,u'info
1603,u'ham
1604,u'info
1605,u'ham
1606,u'spam
1607,u'ham
1608,u'info
1609,u'spam
1610,u'info
1611,u'ham
1612,u'ham
1613,u'ham
1614,u'spam
1615,u'ham
1616,u'ham
1617,u'info
1618,u'spam
1619,u'spam
1620,u'spam
1621,u'ham
1622,u'info
1623,u'ham
1624,u'info
1625,u'info
1626,u'info
1627,u'ham
1628,u'info
1629,u'spam
1630,u'info
1631,u'ham
1632,u'spam
1633,u'info
1634,u'spam
1635,u'info
1636,u'spam
1637,u'spam
1638,u'info
1639,u'info
1640,u'info
1641,u'spam
1642,u'spam
1643,u'spam
1644,u'ham
1645,u'spam
1646,u'info
1647,u'spam
1648,u'ham
1649,u'info
1650,u'ham
1651,u'info
1652,u'info
1653,u'spam
1654,u'info
1655,u'spam
1656,u'info
1657,u'ham
1658,u'ham
1659,u'spam
1660,u'info
1661,u'ham
1662,u'ham
1663,u'info
1664,u'ham
1665,u'spam
1666,u'spam
1667,u'info
1668,u'info
1669,u'ham
1670,u'spam
1671,u'spam
1672,u'ham
1673,u'info
1674,u'ham
1675,u'ham
1676,u'ham
1677,u'info
1678,u'spam
1679,u'info
1680,u'ham
1681,u'info
1682,u'ham
1683,u'info
1684,u'ham
1685,u'ham
1686,u'info
1687,u'ham
1688,u'info
1689,u'info
1690,u'ham
1691,u'ham
1692,u'spam
1693,u'spam
1694,u'spam
1695,u'ham
1696,u'ham
1697,u'ham
1698,u'info
1699,u'ham
1700,u'spam
1701,u'info
1702,u'ham
1703,u'ham
1704,u'info
1705,u'info
1706,u'info
1707,u'spam
1708,u'ham
1709,u'info
1710,u'ham
1711,u'info
1712,u'info
1713,u'spam
1714,u'info
1715,u'spam
1716,u'spam
1717,u'info
1718,u'ham
1719,u'spam
1720,u'info
1721,u'spam
1722,u'ham
1723,u'ham
1724,u'ham
1725,u'ham
1726,u'ham
1727,u'info
1728,u'spam
1729,u'info
1730,u'ham
1731,u'ham
1732,u'spam
1733,u'ham
1734,u'info
1735,u'spam
1736,u'info
1737,u'info
1738,u'ham
1739,u'info
1740,u'info
1741,u'spam
1742,u'spam
1743,u'ham
1744,u'spam
1745,u'ham
1746,u'info
1747,u'info
1748,u'ham
1749,u'info
1750,u'ham
1751,u'ham
1752,u'spam
1753,u'spam
1754,u'info
1755,u'spam
1756,u'info
1757,u'info
1758,u'info
1759,u'spam
1760,u'ham
1761,u'spam
1762,u'info
1763,u'ham
1764,u'info
1765,u'ham
1766,u'ham
1767,u'info
1768,u'ham
1769,u'ham
1770,u'ham
1771,u'info
1772,u'spam
1773,u'ham
1774,u'ham
1775,u'ham
1776,u'ham
1777,u'spam
1778,u'ham
1779,u'info
1780,u'ham
1781,u'spam
1782,u'spam
1783,u'ham
1784,u'spam
1785,u'info
1786,u'info
1787,u'spam
1788,u'ham
1789,u'ham
1790,u'ham
1791,u'spam
1792,u'info
1793,u'ham
1794,u'info
1795,u'info
1796,u'ham
1797,u'spam
1798,u'ham
1799,u'spam
1800,u'ham
1801,u'ham
1802,u'ham
1803,u'spam
1804,u'info
1805,u'info
1806,u'ham
1807,u'ham
1808,u'info
1809,u'info
1810,u'ham
1811,u'info
1812,u'ham
1813,u'ham
1814,u'ham
1815,u'ham
1816,u'info
1817,u'info
1818,u'info
1819,u'ham
1820,u'ham
1821,u'spam
1822,u'ham
1823,u'ham
1824,u'info
1825,u'spam
1826,u'spam
1827,u'info
1828,u'spam
1829,u'ham
1830,u'info
1831,u'info
1832,u'ham
1833,u'info
1834,u'spam
1835,u'ham
1836,u'info
1837,u'spam
1838,u'ham
1839,u'ham
1840,u'info
1841,u'ham
1842,u'info
1843,u'spam
1844,u'info
1845,u'info
1846,u'info
1847,u'info
1848,u'spam
1849,u'ham
1850,u'spam
1851,u'ham
1852,u'ham
1853,u'ham
1854,u'info
1855,u'ham
1856,u'info
1857,u'ham
1858,u'ham
1859,u'ham
1860,u'info
1861,u'info
1862,u'spam
1863,u'ham
1864,u'info
1865,u'ham
1866,u'ham
1867,u'ham
1868,u'info
1869,u'info
1870,u'spam
1871,u'ham
1872,u'ham
1873,u'info
1874,u'spam
1875,u'spam
1876,u'info
1877,u'info
1878,u'info
1879,u'ham
1880,u'spam
1881,u'ham
1882,u'info
1883,u'info
1884,u'info
1885,u'spam
1886,u'spam
1887,u'ham
1888,u'ham
1889,u'info
1890,u'info
1891,u'spam
1892,u'info
1893,u'info
1894,u'ham
1895,u'spam
1896,u'spam
1897,u'info
1898,u'spam
1899,u'spam
1900,u'info
1901,u'spam
1902,u'ham
1903,u'info
1904,u'info
1905,u'info
1906,u'info
1907,u'ham
1908,u'spam
1909,u'spam
1910,u'ham
1911,u'ham
1912,u'spam
1913,u'info
1914,u'info
1915,u'info
1916,u'ham
1917,u'ham
1918,u'info
1919,u'spam
1920,u'spam
1921,u'ham
1922,u'ham
1923,u'info
1924,u'spam
1925,u'ham
1926,u'ham
1927,u'spam
1928,u'spam
1929,u'info
1930,u'info
1931,u'ham
1932,u'info
1933,u'spam
1934,u'info
1935,u'info
1936,u'info
1937,u'info
1938,u'info
1939,u'ham
1940,u'ham
1941,u'ham
1942,u'info
1943,u'info
1944,u'spam
1945,u'ham
1946,u'ham
1947,u'spam
1948,u'spam
1949,u'info
1950,u'ham
1951,u'ham
1952,u'info
1953,u'ham
1954,u'ham
1955,u'ham
1956,u'spam
1957,u'info
1958,u'info
1959,u'info
1960,u'ham
1961,u'spam
1962,u'info
1963,u'ham
1964,u'spam
1965,u'info
1966,u'ham
1967,u'spam
1968,u'info
1969,u'info
1970,u'ham
1971,u'info
1972,u'info
1973,u'info
1974,u'spam
1975,u'info
1976,u'info
1977,u'spam
1978,u'spam
1979,u'ham
1980,u'spam
1981,u'info
1982,u'info
1983,u'spam
1984,u'info
1985,u'info
1986,u'ham
1987,u'info
1988,u'info
1989,u'spam
1990,u'info
1991,u'ham
1992,u'ham
1993,u'ham
1994,u'ham
1995,u'info
1996,u'ham
1997,u'ham
1998,u'info
1999,u'info
2000,u'spam
2001,u'info
2002,u'info
2003,u'info
2004,u'spam
2005,u'spam
2006,u'spam
2007,u'info
2008,u'ham
2009,u'info
2010,u'spam
2011,u'spam
2012,u'spam
2013,u'ham
2014,u'ham
2015,u'ham
2016,u'info
2017,u'ham
2018,u'ham
2019,u'info
2020,u'info
2021,u'spam
2022,u'ham
2023,u'spam
2024,u'info
2025,u'info
2026,u'spam
2027,u'ham
2028,u'info
2029,u'info
2030,u'info
2031,u'info
2032,u'info
2033,u'info
2034,u'spam
2035,u'ham
2036,u'ham
2037,u'ham
2038,u'spam
2039,u'info
2040,u'info
2041,u'ham
2042,u'info
2043,u'ham
2044,u'info
2045,u'ham
2046,u'info
2047,u'info
2048,u'info
2049,u'info
2050,u'spam
2051,u'info
2052,u'info
2053,u'ham
2054,u'info
2055,u'info
2056,u'ham
2057,u'ham
2058,u'info
2059,u'info
2060,u'info
2061,u'spam
2062,u'ham
2063,u'spam
2064,u'spam
2065,u'spam
2066,u'info
2067,u'info
2068,u'info
2069,u'info
2070,u'spam
2071,u'info
2072,u'info
2073,u'info
2074,u'info
2075,u'info
2076,u'info
2077,u'ham
2078,u'spam
2079,u'spam
2080,u'info
2081,u'info
2082,u'info
2083,u'ham
2084,u'info
2085,u'info
2086,u'info
2087,u'spam
2088,u'ham
2089,u'ham
2090,u'spam
2091,u'info
2092,u'ham
2093,u'spam
2094,u'spam
2095,u'ham
2096,u'info
2097,u'info
2098,u'spam
2099,u'info
2100,u'ham
2101,u'ham
2102,u'ham
2103,u'info
2104,u'spam
2105,u'info
2106,u'ham
2107,u'spam
2108,u'spam
2109,u'info
2110,u'spam
2111,u'spam
2112,u'ham
2113,u'info
2114,u'spam
2115,u'info
2116,u'ham
2117,u'ham
2118,u'ham
2119,u'info
2120,u'ham
2121,u'spam
2122,u'spam
2123,u'ham
2124,u'info
2125,u'spam
2126,u'info
2127,u'spam
2128,u'spam
2129,u'spam
2130,u'info
2131,u'info
2132,u'ham
2133,u'info
2134,u'ham
2135,u'ham
2136,u'ham
2137,u'info
2138,u'info
2139,u'info
2140,u'ham
2141,u'info
2142,u'ham
2143,u'ham
2144,u'info
2145,u'ham
2146,u'spam
2147,u'ham
2148,u'info
2149,u'info
2150,u'spam
2151,u'info
2152,u'info
2153,u'info
2154,u'ham
2155,u'ham
2156,u'spam
2157,u'info
2158,u'ham
2159,u'spam
2160,u'info
2161,u'info
2162,u'spam
2163,u'spam
2164,u'info
2165,u'spam
2166,u'info
2167,u'ham
2168,u'ham
2169,u'ham
2170,u'info
2171,u'info
2172,u'spam
2173,u'info
2174,u'info
2175,u'ham
2176,u'ham
2177,u'info
2178,u'info
2179,u'ham
2180,u'ham
2181,u'info
2182,u'spam
2183,u'spam
2184,u'ham
2185,u'ham
2186,u'ham
2187,u'spam
2188,u'ham
2189,u'info
2190,u'spam
2191,u'spam
2192,u'info
2193,u'info
2194,u'ham
2195,u'info
2196,u'spam
2197,u'ham
2198,u'ham
2199,u'spam
2200,u'info
2201,u'spam
2202,u'ham
2203,u'spam
2204,u'ham
2205,u'ham
2206,u'spam
2207,u'ham
2208,u'info
2209,u'info
2210,u'info
2211,u'info
2212,u'info
2213,u'spam
2214,u'ham
2215,u'info
2216,u'ham
2217,u'ham
2218,u'spam
2219,u'info
2220,u'info
2221,u'info
2222,u'spam
2223,u'ham
2224,u'spam
2225,u'info
2226,u'ham
2227,u'info
2228,u'info
2229,u'ham
2230,u'info
2231,u'info
2232,u'ham
2233,u'ham
2234,u'spam
2235,u'ham
2236,u'info
2237,u'info
2238,u'ham
2239,u'info
2240,u'ham
2241,u'ham
2242,u'info
2243,u'info
2244,u'info
2245,u'info
2246,u'ham
2247,u'spam
2248,u'spam
2249,u'spam
2250,u'spam
2251,u'info
2252,u'info
2253,u'info
2254,u'spam
2255,u'spam
2256,u'info
2257,u'info
2258,u'ham
2259,u'info
2260,u'info
2261,u'spam
2262,u'spam
2263,u'info
2264,u'ham
2265,u'info
2266,u'info
2267,u'info
2268,u'spam
2269,u'info
2270,u'ham
2271,u'ham
2272,u'ham
2273,u'info
2274,u'ham
2275,u'ham
2276,u'info
2277,u'info
2278,u'info
2279,u'info
2280,u'ham
2281,u'spam
2282,u'spam
2283,u'info
2284,u'info
2285,u'info
2286,u'ham
2287,u'info
2288,u'info
2289,u'spam
2290,u'ham
2291,u'spam
2292,u'spam
2293,u'info
2294,u'ham
2295,u'spam
2296,u'ham
2297,u'spam
2298,u'ham
2299,u'ham
2300,u'info
2301,u'spam
2302,u'info
2303,u'ham
2304,u'info
2305,u'info
2306,u'ham
2307,u'ham
2308,u'info
2309,u'info
2310,u'ham
2311,u'spam
2312,u'info
2313,u'info
2314,u'info
2315,u'ham
2316,u'spam
2317,u'info
2318,u'info
2319,u'ham
2320,u'ham
2321,u'ham
2322,u'info
2323,u'info
2324,u'spam
2325,u'spam
2326,u'ham
2327,u'info
2328,u'info
2329,u'info
2330,u'spam
2331,u'ham
2332,u'ham
2333,u'info
2334,u'ham
2335,u'spam
2336,u'info
2337,u'ham
2338,u'info
2339,u'ham
2340,u'ham
2341,u'info
2342,u'ham
2343,u'info
2344,u'ham
2345,u'info
2346,u'spam
2347,u'spam
2348,u'ham
2349,u'info
2350,u'spam
2351,u'ham
2352,u'info
2353,u'info
2354,u'ham
2355,u'ham
2356,u'ham
2357,u'spam
2358,u'ham
2359,u'ham
2360,u'spam
2361,u'ham
2362,u'ham
2363,u'info
2364,u'ham
2365,u'ham
2366,u'spam
2367,u'info
2368,u'info
2369,u'info
2370,u'ham
2371,u'ham
2372,u'spam
2373,u'ham
2374,u'spam
2375,u'spam
2376,u'ham
2377,u'info
2378,u'info
2379,u'spam
2380,u'spam
2381,u'info
2382,u'ham
2383,u'info
2384,u'spam
2385,u'ham
2386,u'ham
2387,u'info
2388,u'spam
2389,u'spam
2390,u'ham
2391,u'spam
2392,u'spam
2393,u'info
2394,u'spam
2395,u'spam
2396,u'info
2397,u'info
2398,u'ham
2399,u'spam
2400,u'ham
2401,u'info
2402,u'ham
2403,u'ham
2404,u'info
2405,u'ham
2406,u'ham
2407,u'info
2408,u'spam
2409,u'ham
2410,u'spam
2411,u'spam
2412,u'ham
2413,u'spam
2414,u'info
2415,u'info
2416,u'info
2417,u'info
2418,u'spam
2419,u'spam
2420,u'spam
2421,u'info
2422,u'info
2423,u'spam
2424,u'info
2425,u'info
2426,u'info
2427,u'ham
2428,u'ham
2429,u'spam
2430,u'ham
2431,u'info
2432,u'ham
2433,u'info
2434,u'ham
2435,u'info
2436,u'info
2437,u'info
2438,u'ham
2439,u'spam
2440,u'info
2441,u'info
2442,u'spam
2443,u'ham
2444,u'spam
2445,u'info
2446,u'info
2447,u'ham
2448,u'ham
2449,u'ham
2450,u'info
2451,u'ham
2452,u'spam
2453,u'info
2454,u'info
2455,u'ham
2456,u'spam
2457,u'ham
2458,u'info
2459,u'spam
2460,u'ham
2461,u'info
2462,u'info
2463,u'info
2464,u'info
2465,u'ham
2466,u'ham
2467,u'info
2468,u'spam
2469,u'info
2470,u'ham
2471,u'spam
2472,u'spam
2473,u'ham
2474,u'spam
2475,u'ham
2476,u'info
2477,u'spam
2478,u'spam
2479,u'ham
2480,u'info
2481,u'info
2482,u'info
2483,u'ham
2484,u'spam
2485,u'spam
2486,u'info
2487,u'info
2488,u'info
2489,u'info
2490,u'info
2491,u'info
2492,u'ham
2493,u'ham
2494,u'info
2495,u'info
2496,u'spam
2497,u'ham
2498,u'info
2499,u'ham
2500,u'info
2501,u'ham
2502,u'spam
2503,u'info
2504,u'ham
2505,u'ham
2506,u'info
2507,u'info
2508,u'info
2509,u'ham
2510,u'ham
2511,u'info
2512,u'ham
2513,u'info
2514,u'ham
2515,u'ham
2516,u'ham
2517,u'spam
2518,u'ham
2519,u'info
2520,u'spam
2521,u'info
2522,u'ham
2523,u'info
2524,u'info
2525,u'spam
2526,u'info
2527,u'ham
2528,u'spam
2529,u'spam
2530,u'spam
2531,u'spam
2532,u'spam
2533,u'info
2534,u'ham
2535,u'info
2536,u'ham
2537,u'info
2538,u'info
2539,u'spam
2540,u'ham
2541,u'info
2542,u'spam
2543,u'spam
2544,u'ham
2545,u'info
2546,u'info
2547,u'info
2548,u'spam
2549,u'ham
2550,u'spam
2551,u'spam
2552,u'info
2553,u'info
2554,u'info
2555,u'ham
2556,u'ham
2557,u'spam
2558,u'ham
2559,u'spam
2560,u'spam
2561,u'ham
2562,u'spam
2563,u'ham
2564,u'info
2565,u'info
2566,u'info
2567,u'ham
2568,u'info
2569,u'ham
2570,u'spam
2571,u'ham
2572,u'ham
2573,u'ham
2574,u'spam
2575,u'info
2576,u'info
2577,u'info
2578,u'ham
2579,u'info
2580,u'ham
2581,u'ham
2582,u'ham
2583,u'spam
2584,u'info
2585,u'ham
2586,u'info
2587,u'spam
2588,u'ham
2589,u'info
2590,u'spam
2591,u'info
2592,u'spam
2593,u'info
2594,u'spam
2595,u'ham
2596,u'info
2597,u'ham
2598,u'ham
2599,u'info
2600,u'info
2601,u'spam
2602,u'ham
2603,u'info
2604,u'info
2605,u'ham
2606,u'info
2607,u'info
2608,u'info
2609,u'info
2610,u'ham
2611,u'ham
2612,u'spam
2613,u'info
2614,u'ham
2615,u'ham
2616,u'ham
2617,u'info
2618,u'spam
2619,u'info
2620,u'ham
2621,u'spam
2622,u'spam
2623,u'spam
2624,u'ham
2625,u'info
2626,u'info
2627,u'info
2628,u'info
2629,u'spam
2630,u'ham
2631,u'ham
2632,u'ham
2633,u'spam
2634,u'ham
2635,u'ham
2636,u'spam
2637,u'spam
2638,u'ham
2639,u'info
2640,u'spam
2641,u'info
2642,u'ham
2643,u'info
2644,u'info
2645,u'spam
2646,u'spam
2647,u'ham
2648,u'ham
2649,u'spam
2650,u'ham
2651,u'info
2652,u'ham
2653,u'info
2654,u'ham
2655,u'info
2656,u'ham
2657,u'info
2658,u'info
2659,u'spam
2660,u'info
2661,u'spam
2662,u'info
2663,u'info
2664,u'spam
2665,u'ham
2666,u'info
2667,u'info
2668,u'spam
2669,u'ham
2670,u'ham
2671,u'info
2672,u'spam
2673,u'info
2674,u'ham
2675,u'ham
2676,u'ham
2677,u'info
2678,u'spam
2679,u'spam
2680,u'ham
2681,u'info
2682,u'spam
2683,u'ham
2684,u'ham
2685,u'spam
2686,u'spam
2687,u'ham
2688,u'info
2689,u'ham
2690,u'info
2691,u'ham
2692,u'info
2693,u'spam
2694,u'ham
2695,u'ham
2696,u'info
2697,u'info
2698,u'ham
2699,u'ham
2700,u'ham
2701,u'info
2702,u'info
2703,u'spam
2704,u'info
2705,u'ham
2706,u'info
2707,u'info
2708,u'info
2709,u'ham
2710,u'ham
2711,u'ham
2712,u'ham
2713,u'ham
2714,u'ham
2715,u'spam
2716,u'info
2717,u'ham
2718,u'spam
2719,u'spam
2720,u'info
2721,u'spam
2722,u'spam
2723,u'ham
2724,u'ham
2725,u'spam
2726,u'info
2727,u'info
2728,u'ham
2729,u'ham
2730,u'ham
2731,u'info
2732,u'spam
2733,u'spam
2734,u'spam
2735,u'info
2736,u'ham
2737,u'spam
2738,u'spam
2739,u'info
2740,u'info
2741,u'info
2742,u'ham
2743,u'ham
2744,u'info
2745,u'info
2746,u'spam
2747,u'info
2748,u'ham
2749,u'ham
2750,u'ham
2751,u'spam
2752,u'ham
2753,u'spam
2754,u'info
2755,u'info
2756,u'ham
2757,u'info
2758,u'info
2759,u'info
2760,u'spam
2761,u'info
2762,u'spam
2763,u'spam
2764,u'spam
2765,u'info
2766,u'info
2767,u'spam
2768,u'info
2769,u'info
2770,u'ham
2771,u'info
2772,u'ham
2773,u'spam
2774,u'info
2775,u'ham
2776,u'info
2777,u'ham
2778,u'spam
2779,u'ham
2780,u'ham
2781,u'info
2782,u'info
2783,u'info
2784,u'ham
2785,u'info
2786,u'ham
2787,u'spam
2788,u'spam
2789,u'spam
2790,u'info
2791,u'spam
2792,u'spam
2793,u'spam
2794,u'spam
2795,u'ham
2796,u'info
2797,u'info
2798,u'info
2799,u'ham
2800,u'ham
2801,u'spam
2802,u'spam
2803,u'spam
2804,u'ham
2805,u'info
2806,u'info
2807,u'ham
2808,u'ham
2809,u'ham
2810,u'ham
2811,u'info
2812,u'ham
2813,u'ham
2814,u'ham
2815,u'ham
2816,u'ham
2817,u'info
2818,u'spam
2819,u'info
2820,u'info
2821,u'info
2822,u'ham
2823,u'spam
2824,u'spam
2825,u'spam
2826,u'ham
2827,u'ham
2828,u'info
2829,u'ham
2830,u'info
2831,u'info
2832,u'spam
2833,u'ham
2834,u'info
2835,u'ham
2836,u'spam
2837,u'spam
2838,u'ham
2839,u'spam
2840,u'info
2841,u'info
2842,u'info
2843,u'ham
2844,u'info
2845,u'spam
2846,u'info
2847,u'spam
2848,u'info
2849,u'ham
2850,u'spam
2851,u'spam
2852,u'info
2853,u'spam
2854,u'spam
2855,u'spam
2856,u'info
2857,u'info
2858,u'spam
2859,u'spam
2860,u'spam
2861,u'spam
2862,u'info
2863,u'ham
2864,u'info
2865,u'info
2866,u'info
2867,u'ham
2868,u'info
2869,u'ham
2870,u'ham
2871,u'ham
2872,u'info
2873,u'ham
2874,u'ham
2875,u'info
2876,u'ham
2877,u'info
2878,u'info
2879,u'ham
2880,u'spam
2881,u'info
2882,u'info
2883,u'spam
2884,u'ham
2885,u'ham
2886,u'info
2887,u'spam
2888,u'spam
2889,u'ham
2890,u'info
2891,u'ham
2892,u'ham
2893,u'info
2894,u'ham
2895,u'spam
2896,u'info
2897,u'info
2898,u'info
2899,u'info
2900,u'ham
2901,u'spam
2902,u'info
2903,u'spam
2904,u'ham
2905,u'ham
2906,u'info
2907,u'spam
2908,u'spam
2909,u'info
2910,u'ham
2911,u'info
2912,u'info
2913,u'info
2914,u'info
2915,u'ham
2916,u'info
2917,u'info
2918,u'ham
2919,u'ham
2920,u'info
2921,u'spam
2922,u'ham
2923,u'spam
2924,u'info
2925,u'info
2926,u'ham
2927,u'ham
2928,u'ham
2929,u'ham
2930,u'ham
2931,u'ham
2932,u'spam
2933,u'spam
2934,u'info
2935,u'ham
2936,u'spam
2937,u'info
2938,u'ham
2939,u'info
2940,u'info
2941,u'spam
2942,u'ham
2943,u'ham
2944,u'ham
2945,u'spam
2946,u'info
2947,u'info
2948,u'ham
2949,u'info
2950,u'spam
2951,u'info
2952,u'info
2953,u'info
2954,u'info
2955,u'info
2956,u'info
2957,u'spam
2958,u'spam
2959,u'info
2960,u'spam
2961,u'ham
2962,u'ham
2963,u'info
2964,u'spam
2965,u'ham
2966,u'info
2967,u'spam
2968,u'info
2969,u'info
2970,u'ham
2971,u'ham
2972,u'spam
2973,u'ham
2974,u'ham
2975,u'info
2976,u'ham
2977,u'spam
2978,u'spam
2979,u'info
2980,u'ham
2981,u'ham
2982,u'info
2983,u'info
2984,u'ham
2985,u'spam
2986,u'ham
2987,u'info
2988,u'ham
2989,u'info
2990,u'ham
2991,u'info
2992,u'spam
2993,u'spam
2994,u'ham
2995,u'info
2996,u'ham
2997,u'ham
2998,u'ham
2999,u'info
3000,u'spam
3001,u'info
3002,u'ham
3003,u'ham
3004,u'ham
3005,u'info
3006,u'ham
3007,u'info
3008,u'info
3009,u'spam
3010,u'ham
3011,u'info
3012,u'info
3013,u'info
3014,u'ham
3015,u'spam
3016,u'ham
3017,u'info
3018,u'ham
3019,u'spam
3020,u'info
3021,u'info
3022,u'ham
3023,u'ham
3024,u'spam
3025,u'spam
3026,u'info
3027,u'spam
3028,u'spam
3029,u'info
3030,u'info
3031,u'info
3032,u'info
3033,u'ham
3034,u'info
3035,u'ham
3036,u'info
3037,u'spam
3038,u'ham
3039,u'info
3040,u'ham
3041,u'ham
3042,u'ham
3043,u'spam
3044,u'spam
3045,u'info
3046,u'info
3047,u'spam
3048,u'spam
3049,u'ham
3050,u'spam
3051,u'info
3052,u'ham
3053,u'info
3054,u'info
3055,u'ham
3056,u'info
3057,u'ham
3058,u'ham
3059,u'info
3060,u'info
3061,u'spam
3062,u'info
3063,u'ham
3064,u'spam
3065,u'spam
3066,u'info
3067,u'ham
3068,u'info
3069,u'spam
3070,u'info
3071,u'ham
3072,u'spam
3073,u'info
3074,u'spam
3075,u'spam
3076,u'ham
3077,u'ham
3078,u'ham
3079,u'info
3080,u'spam
3081,u'spam
3082,u'info
3083,u'info
3084,u'spam
3085,u'ham
3086,u'spam
3087,u'spam
3088,u'info
3089,u'ham
3090,u'info
3091,u'spam
3092,u'info
3093,u'ham
3094,u'info
3095,u'ham
3096,u'ham
3097,u'ham
3098,u'spam
3099,u'info
3100,u'ham
3101,u'info
3102,u'spam
3103,u'info
3104,u'ham
3105,u'ham
3106,u'ham
3107,u'spam
3108,u'spam
3109,u'info
3110,u'info
3111,u'ham
3112,u'info
3113,u'ham
3114,u'info
3115,u'spam
3116,u'ham
3117,u'info
3118,u'info
3119,u'ham
3120,u'ham
3121,u'info
3122,u'info
3123,u'ham
3124,u'ham
3125,u'info
3126,u'ham
3127,u'ham
3128,u'spam
3129,u'info
3130,u'spam
3131,u'ham
3132,u'info
3133,u'spam
3134,u'info
3135,u'ham
3136,u'spam
3137,u'ham
3138,u'info
3139,u'spam
3140,u'info
3141,u'spam
3142,u'info
3143,u'spam
3144,u'spam
3145,u'ham
3146,u'ham
3147,u'info
3148,u'info
3149,u'ham
3150,u'ham
3151,u'ham
3152,u'spam
3153,u'spam
3154,u'info
3155,u'ham
3156,u'ham
3157,u'ham
3158,u'info
3159,u'ham
3160,u'spam
3161,u'spam
3162,u'ham
3163,u'info
3164,u'ham
3165,u'spam
3166,u'info
3167,u'spam
3168,u'spam
3169,u'spam
3170,u'spam
3171,u'info
3172,u'ham
3173,u'spam
3174,u'ham
3175,u'ham
3176,u'spam
3177,u'ham
3178,u'info
3179,u'spam
3180,u'info
3181,u'info
3182,u'info
3183,u'info
3184,u'ham
3185,u'info
3186,u'spam
3187,u'ham
3188,u'info
3189,u'info
3190,u'info
3191,u'spam
3192,u'ham
3193,u'ham
3194,u'info
3195,u'info
3196,u'ham
3197,u'spam
3198,u'info
3199,u'info
3200,u'spam
3201,u'spam
3202,u'ham
3203,u'info
3204,u'ham
3205,u'ham
3206,u'info
3207,u'ham
3208,u'info
3209,u'info
3210,u'info
3211,u'ham
3212,u'info
3213,u'info
3214,u'spam
3215,u'info
3216,u'spam
3217,u'spam
3218,u'ham
3219,u'spam
3220,u'ham
3221,u'ham
3222,u'ham
3223,u'spam
3224,u'info
3225,u'spam
3226,u'info
3227,u'ham
3228,u'spam
3229,u'spam
3230,u'info
3231,u'spam
3232,u'info
3233,u'ham
3234,u'ham
3235,u'info
3236,u'spam
3237,u'info
3238,u'spam
3239,u'spam
3240,u'spam
3241,u'ham
3242,u'ham
3243,u'info
3244,u'ham
3245,u'spam
3246,u'ham
3247,u'ham
3248,u'ham
3249,u'spam
3250,u'info
3251,u'ham
3252,u'info
3253,u'spam
3254,u'spam
3255,u'info
3256,u'info
3257,u'spam
3258,u'ham
3259,u'ham
3260,u'info
3261,u'ham
3262,u'info
3263,u'info
3264,u'ham
3265,u'ham
3266,u'info
3267,u'info
3268,u'info
3269,u'ham
3270,u'spam
3271,u'info
3272,u'info
3273,u'spam
3274,u'info
3275,u'ham
3276,u'spam
3277,u'info
3278,u'info
3279,u'spam
3280,u'spam
3281,u'ham
3282,u'spam
3283,u'ham
3284,u'ham
3285,u'ham
3286,u'spam
3287,u'spam
3288,u'ham
3289,u'spam
3290,u'info
3291,u'spam
3292,u'ham
3293,u'ham
3294,u'spam
3295,u'info
3296,u'info
3297,u'ham
3298,u'info
3299,u'spam
3300,u'spam
3301,u'ham
3302,u'info
3303,u'ham
3304,u'ham
3305,u'ham
3306,u'ham
3307,u'spam
3308,u'spam
3309,u'ham
3310,u'info
3311,u'ham
3312,u'info
3313,u'ham
3314,u'ham
3315,u'info
3316,u'info
3317,u'ham
3318,u'info
3319,u'info
3320,u'info
3321,u'spam
3322,u'info
3323,u'spam
3324,u'info
3325,u'ham
3326,u'info
3327,u'ham
3328,u'ham
3329,u'ham
3330,u'spam
3331,u'spam
3332,u'info
3333,u'spam
3334,u'ham
3335,u'info
3336,u'ham
3337,u'info
3338,u'spam
3339,u'info
3340,u'ham
3341,u'spam
3342,u'ham
3343,u'spam
3344,u'info
3345,u'ham
3346,u'spam
3347,u'info
3348,u'spam
3349,u'info
3350,u'spam
3351,u'ham
3352,u'spam
3353,u'ham
3354,u'info
3355,u'info
3356,u'info
3357,u'spam
3358,u'info
3359,u'spam
3360,u'info
3361,u'ham
3362,u'spam
3363,u'info
3364,u'info
3365,u'info
3366,u'info
3367,u'spam
3368,u'ham
3369,u'info
3370,u'spam
3371,u'info
3372,u'info
3373,u'spam
3374,u'ham
3375,u'ham
3376,u'spam
3377,u'ham
3378,u'spam
3379,u'ham
3380,u'ham
3381,u'info
3382,u'info
3383,u'info
3384,u'info
3385,u'info
3386,u'spam
3387,u'ham
3388,u'info
3389,u'info
3390,u'info
3391,u'info
3392,u'ham
3393,u'ham
3394,u'info
3395,u'info
3396,u'info
3397,u'ham
3398,u'ham
3399,u'info
3400,u'ham
3401,u'info
3402,u'spam
3403,u'ham
3404,u'info
3405,u'ham
3406,u'ham
3407,u'ham
3408,u'ham
3409,u'spam
3410,u'ham
3411,u'info
3412,u'info
3413,u'info
3414,u'ham
3415,u'spam
3416,u'info
3417,u'ham
3418,u'ham
3419,u'spam
3420,u'info
3421,u'info
3422,u'info
3423,u'info
3424,u'ham
3425,u'info
3426,u'info
3427,u'info
3428,u'info
3429,u'info
3430,u'ham
3431,u'spam
3432,u'info
3433,u'ham
3434,u'info
3435,u'info
3436,u'ham
3437,u'info
3438,u'info
3439,u'info
3440,u'spam
3441,u'spam
3442,u'info
3443,u'spam
3444,u'ham
3445,u'info
3446,u'ham
3447,u'spam
3448,u'spam
3449,u'info
3450,u'info
3451,u'spam
3452,u'info
3453,u'ham
3454,u'info
3455,u'spam
3456,u'ham
3457,u'spam
3458,u'info
3459,u'info
3460,u'ham
3461,u'spam
3462,u'info
3463,u'info
3464,u'ham
3465,u'ham
3466,u'ham
3467,u'ham
3468,u'ham
3469,u'info
3470,u'info
3471,u'info
3472,u'info
3473,u'ham
3474,u'spam
3475,u'ham
3476,u'spam
3477,u'info
3478,u'ham
3479,u'ham
3480,u'info
3481,u'spam
3482,u'ham
3483,u'info
3484,u'ham
3485,u'info
3486,u'ham
3487,u'ham
3488,u'spam
3489,u'info
3490,u'info
3491,u'info
3492,u'info
3493,u'info
3494,u'info
3495,u'ham
3496,u'info
3497,u'info
3498,u'ham
3499,u'info
3500,u'info
3501,u'info
3502,u'info
3503,u'info
3504,u'spam
3505,u'info
3506,u'info
3507,u'info
3508,u'spam
3509,u'ham
3510,u'info
3511,u'ham
3512,u'ham
3513,u'ham
3514,u'ham
3515,u'spam
3516,u'info
3517,u'info
3518,u'ham
3519,u'info
3520,u'ham
3521,u'info
3522,u'ham
3523,u'ham
3524,u'spam
3525,u'spam
3526,u'ham
3527,u'spam
3528,u'ham
3529,u'info
3530,u'spam
3531,u'ham
3532,u'info
3533,u'info
3534,u'info
3535,u'ham
3536,u'info
3537,u'info
3538,u'ham
3539,u'info
3540,u'spam
3541,u'ham
3542,u'info
3543,u'info
3544,u'ham
3545,u'spam
3546,u'spam
3547,u'info
3548,u'spam
3549,u'info
3550,u'spam
3551,u'info
3552,u'spam
3553,u'info
3554,u'info
3555,u'spam
3556,u'spam
3557,u'info
3558,u'ham
3559,u'ham
3560,u'spam
3561,u'ham
3562,u'ham
3563,u'info
3564,u'spam
3565,u'ham
3566,u'ham
3567,u'ham
3568,u'spam
3569,u'info
3570,u'spam
3571,u'info
3572,u'ham
3573,u'info
3574,u'ham
3575,u'ham
3576,u'info
3577,u'ham
3578,u'ham
3579,u'spam
3580,u'spam
3581,u'spam
3582,u'info
3583,u'ham
3584,u'ham
3585,u'ham
3586,u'ham
3587,u'spam
3588,u'info
3589,u'ham
3590,u'spam
3591,u'ham
3592,u'info
3593,u'ham
3594,u'spam
3595,u'ham
3596,u'info
3597,u'info
3598,u'ham
3599,u'spam
3600,u'info
3601,u'info
3602,u'spam
3603,u'info
3604,u'spam
3605,u'ham
3606,u'info
3607,u'info
3608,u'spam
3609,u'ham
3610,u'ham
3611,u'ham
3612,u'spam
3613,u'info
3614,u'ham
3615,u'spam
3616,u'ham
3617,u'spam
3618,u'spam
3619,u'ham
3620,u'info
3621,u'info
3622,u'spam
3623,u'spam
3624,u'ham
3625,u'spam
3626,u'info
3627,u'ham
3628,u'info
3629,u'info
3630,u'spam
3631,u'ham
3632,u'ham
3633,u'spam
3634,u'spam
3635,u'ham
3636,u'spam
3637,u'ham
3638,u'info
3639,u'info
3640,u'ham
3641,u'ham
3642,u'spam
3643,u'info
3644,u'info
3645,u'info
3646,u'info
3647,u'ham
3648,u'ham
3649,u'info
3650,u'info
3651,u'info
3652,u'info
3653,u'ham
3654,u'info
3655,u'spam
3656,u'info
3657,u'spam
3658,u'spam
3659,u'ham
3660,u'spam
3661,u'spam
3662,u'spam
3663,u'ham
3664,u'ham
3665,u'info
3666,u'info
3667,u'info
3668,u'info
3669,u'spam
3670,u'info
3671,u'info
3672,u'spam
3673,u'ham
3674,u'ham
3675,u'info
3676,u'info
3677,u'ham
3678,u'info
3679,u'ham
3680,u'ham
3681,u'spam
3682,u'ham
3683,u'ham
3684,u'info
3685,u'ham
3686,u'ham
3687,u'info
3688,u'info
3689,u'ham
3690,u'info
3691,u'info
3692,u'info
3693,u'info
3694,u'info
3695,u'info
3696,u'info
3697,u'info
3698,u'ham
3699,u'ham
3700,u'info
3701,u'ham
3702,u'spam
3703,u'info
3704,u'spam
3705,u'info
3706,u'info
3707,u'ham
3708,u'info
3709,u'info
3710,u'info
3711,u'ham
3712,u'info
3713,u'ham
3714,u'info
3715,u'spam
3716,u'spam
3717,u'info
3718,u'ham
3719,u'spam
3720,u'info
3721,u'ham
3722,u'spam
3723,u'info
3724,u'info
3725,u'ham
3726,u'info
3727,u'spam
3728,u'ham
3729,u'ham
3730,u'ham
3731,u'info
3732,u'ham
3733,u'ham
3734,u'info
3735,u'spam
3736,u'info
3737,u'ham
3738,u'ham
3739,u'info
3740,u'ham
3741,u'ham
3742,u'info
3743,u'ham
3744,u'ham
3745,u'spam
3746,u'spam
3747,u'spam
3748,u'info
3749,u'spam
3750,u'spam
3751,u'ham
3752,u'ham
3753,u'ham
3754,u'info
3755,u'ham
3756,u'info
3757,u'ham
3758,u'ham
3759,u'info
3760,u'spam
3761,u'ham
3762,u'info
3763,u'info
3764,u'info
3765,u'ham
3766,u'info
3767,u'spam
3768,u'info
3769,u'ham
3770,u'info
3771,u'ham
3772,u'spam
3773,u'ham
3774,u'spam
3775,u'info
3776,u'info
3777,u'info
3778,u'info
3779,u'info
3780,u'spam
3781,u'info
3782,u'info
3783,u'spam
3784,u'ham
3785,u'spam
3786,u'ham
3787,u'info
3788,u'ham
3789,u'ham
3790,u'info
3791,u'info
3792,u'info
3793,u'info
3794,u'ham
3795,u'ham
3796,u'info
3797,u'ham
3798,u'info
3799,u'info
3800,u'info
3801,u'ham
3802,u'ham
3803,u'info
3804,u'spam
3805,u'info
3806,u'info
3807,u'info
3808,u'info
3809,u'info
3810,u'ham
3811,u'info
3812,u'spam
3813,u'ham
3814,u'ham
3815,u'spam
3816,u'ham
3817,u'ham
3818,u'info
3819,u'info
3820,u'spam
3821,u'ham
3822,u'ham
3823,u'spam
3824,u'spam
3825,u'ham
3826,u'ham
3827,u'ham
3828,u'ham
3829,u'ham
3830,u'ham
3831,u'ham
3832,u'ham
3833,u'spam
3834,u'spam
3835,u'spam
3836,u'info
3837,u'ham
3838,u'spam
3839,u'info
3840,u'info
3841,u'spam
3842,u'spam
3843,u'ham
3844,u'ham
3845,u'ham
3846,u'info
3847,u'ham
3848,u'spam
3849,u'ham
3850,u'ham
3851,u'info
3852,u'ham
3853,u'ham
3854,u'info
3855,u'info
3856,u'ham
3857,u'ham
3858,u'ham
3859,u'spam
3860,u'info
3861,u'spam
3862,u'ham
3863,u'info
3864,u'spam
3865,u'info
3866,u'spam
3867,u'info
3868,u'spam
3869,u'spam
3870,u'ham
3871,u'spam
3872,u'spam
3873,u'info
3874,u'ham
3875,u'info
3876,u'info
3877,u'info
3878,u'info
3879,u'ham
3880,u'ham
3881,u'info
3882,u'ham
3883,u'ham
3884,u'ham
3885,u'spam
3886,u'ham
3887,u'ham
3888,u'ham
3889,u'spam
3890,u'ham
3891,u'info
3892,u'info
3893,u'ham
3894,u'ham
3895,u'ham
3896,u'info
3897,u'info
3898,u'ham
3899,u'ham
3900,u'info
3901,u'ham
3902,u'ham
3903,u'spam
3904,u'ham
3905,u'spam
3906,u'ham
3907,u'info
3908,u'info
3909,u'info
3910,u'spam
3911,u'ham
3912,u'ham
3913,u'info
3914,u'info
3915,u'info
3916,u'info
3917,u'ham
3918,u'info
3919,u'ham
3920,u'info
3921,u'info
3922,u'info
3923,u'ham
3924,u'info
3925,u'info
3926,u'info
3927,u'spam
3928,u'info
3929,u'ham
3930,u'spam
3931,u'spam
3932,u'spam
3933,u'info
3934,u'info
3935,u'spam
3936,u'info
3937,u'ham
3938,u'info
3939,u'info
3940,u'info
3941,u'spam
3942,u'info
3943,u'spam
3944,u'ham
3945,u'info
3946,u'ham
3947,u'ham
3948,u'info
3949,u'ham
3950,u'info
3951,u'ham
3952,u'info
3953,u'info
3954,u'info
3955,u'ham
3956,u'spam
3957,u'ham
3958,u'ham
3959,u'ham
3960,u'ham
3961,u'info
3962,u'ham
3963,u'info
3964,u'spam
3965,u'info
3966,u'info
3967,u'info
3968,u'info
3969,u'info
3970,u'info
3971,u'info
3972,u'ham
3973,u'info
3974,u'info
3975,u'info
3976,u'info
3977,u'info
3978,u'ham
3979,u'spam
3980,u'spam
3981,u'info
3982,u'ham
3983,u'info
3984,u'info
3985,u'ham
3986,u'ham
3987,u'info
3988,u'spam
3989,u'spam
3990,u'ham
3991,u'spam
3992,u'info
3993,u'spam
3994,u'spam
3995,u'ham
3996,u'ham
3997,u'ham
3998,u'ham
3999,u'ham
4000,u'info
4001,u'ham
4002,u'ham
4003,u'ham
4004,u'info
4005,u'info
4006,u'info
4007,u'info
4008,u'info
4009,u'spam
4010,u'info
4011,u'ham
4012,u'info
4013,u'ham
4014,u'ham
4015,u'spam
4016,u'info
4017,u'info
4018,u'info
4019,u'ham
4020,u'info
4021,u'spam
4022,u'info
4023,u'ham
4024,u'info
4025,u'info
4026,u'spam
4027,u'spam
4028,u'info
4029,u'spam
4030,u'info
4031,u'ham
4032,u'ham
4033,u'ham
4034,u'spam
4035,u'ham
4036,u'ham
4037,u'info
4038,u'info
4039,u'info
4040,u'spam
4041,u'spam
4042,u'info
4043,u'info
4044,u'ham
4045,u'ham
4046,u'ham
4047,u'info
4048,u'info
4049,u'ham
4050,u'ham
4051,u'info
4052,u'ham
4053,u'spam
4054,u'ham
4055,u'ham
4056,u'ham
4057,u'info
4058,u'spam
4059,u'spam
4060,u'info
4061,u'spam
4062,u'ham
4063,u'ham
4064,u'info
4065,u'info
4066,u'ham
4067,u'info
4068,u'ham
4069,u'info
4070,u'ham
4071,u'info
4072,u'ham
4073,u'spam
4074,u'ham
4075,u'ham
4076,u'info
4077,u'info
4078,u'info
4079,u'ham
4080,u'info
4081,u'info
4082,u'info
4083,u'ham
4084,u'info
4085,u'info
4086,u'ham
4087,u'spam
4088,u'ham
4089,u'info
4090,u'info
4091,u'ham
4092,u'ham
4093,u'info
4094,u'spam
4095,u'spam
4096,u'spam
4097,u'ham
4098,u'info
4099,u'info
4100,u'ham
4101,u'info
4102,u'spam
4103,u'info
4104,u'ham
4105,u'ham
4106,u'spam
4107,u'info
4108,u'info
4109,u'ham
4110,u'info
4111,u'info
4112,u'info
4113,u'ham
4114,u'spam
4115,u'info
4116,u'info
4117,u'ham
4118,u'info
4119,u'ham
4120,u'info
4121,u'ham
4122,u'info
4123,u'ham
4124,u'info
4125,u'ham
4126,u'ham
4127,u'ham
4128,u'info
4129,u'ham
4130,u'ham
4131,u'info
4132,u'ham
4133,u'info
4134,u'ham
4135,u'info
4136,u'info
4137,u'ham
4138,u'info
4139,u'spam
4140,u'ham
4141,u'info
4142,u'ham
4143,u'info
4144,u'spam
4145,u'info
4146,u'spam
4147,u'ham
4148,u'spam
4149,u'info
4150,u'spam
4151,u'spam
4152,u'ham
4153,u'ham
4154,u'info
4155,u'ham
4156,u'ham
4157,u'info
4158,u'info
4159,u'ham
4160,u'ham
4161,u'spam
4162,u'ham
4163,u'ham
4164,u'ham
4165,u'ham
4166,u'info
4167,u'ham
4168,u'info
4169,u'spam
4170,u'spam
4171,u'info
4172,u'ham
4173,u'ham
4174,u'spam
4175,u'spam
4176,u'info
4177,u'info
4178,u'ham
4179,u'spam
4180,u'ham
4181,u'ham
4182,u'spam
4183,u'ham
4184,u'spam
4185,u'spam
4186,u'ham
4187,u'info
4188,u'ham
4189,u'spam
4190,u'ham
4191,u'ham
4192,u'ham
4193,u'spam
4194,u'ham
4195,u'info
4196,u'info
4197,u'info
4198,u'ham
4199,u'ham
4200,u'spam
4201,u'spam
4202,u'spam
4203,u'info
4204,u'info
4205,u'spam
4206,u'ham
4207,u'ham
4208,u'ham
4209,u'info
4210,u'info
4211,u'spam
4212,u'info
4213,u'info
4214,u'ham
4215,u'info
4216,u'ham
4217,u'ham
4218,u'info
4219,u'ham
4220,u'info
4221,u'info
4222,u'ham
4223,u'ham
4224,u'ham
4225,u'ham
4226,u'spam
4227,u'ham
4228,u'info
4229,u'ham
4230,u'ham
4231,u'info
4232,u'spam
4233,u'info
4234,u'ham
4235,u'spam
4236,u'spam
4237,u'ham
4238,u'info
4239,u'spam
4240,u'ham
4241,u'info
4242,u'spam
4243,u'ham
4244,u'info
4245,u'ham
4246,u'info
4247,u'info
4248,u'spam
4249,u'spam
4250,u'ham
4251,u'spam
4252,u'spam
4253,u'info
4254,u'info
4255,u'info
4256,u'spam
4257,u'info
4258,u'info
4259,u'info
4260,u'spam
4261,u'info
4262,u'ham
4263,u'info
4264,u'ham
4265,u'ham
4266,u'spam
4267,u'ham
4268,u'spam
4269,u'info
4270,u'ham
4271,u'info
4272,u'ham
4273,u'ham
4274,u'ham
4275,u'spam
4276,u'spam
4277,u'ham
4278,u'spam
4279,u'info
4280,u'info
4281,u'spam
4282,u'ham
4283,u'info
4284,u'info
4285,u'info
4286,u'info
4287,u'ham
4288,u'info
4289,u'ham
4290,u'ham
4291,u'ham
4292,u'info
4293,u'ham
4294,u'spam
4295,u'info
4296,u'info
4297,u'spam
4298,u'spam
4299,u'ham
4300,u'info
4301,u'ham
4302,u'info
4303,u'ham
4304,u'info
4305,u'info
4306,u'info
4307,u'ham
4308,u'spam
4309,u'ham
4310,u'spam
4311,u'info
4312,u'spam
4313,u'ham
4314,u'spam
4315,u'spam
4316,u'ham
4317,u'info
4318,u'info
4319,u'spam
4320,u'info
4321,u'info
4322,u'spam
4323,u'spam
4324,u'ham
4325,u'spam
4326,u'ham
4327,u'info
4328,u'spam
4329,u'info
4330,u'info
4331,u'info
4332,u'ham
4333,u'spam
4334,u'spam
4335,u'ham
4336,u'info
4337,u'ham
4338,u'spam
4339,u'ham
4340,u'ham
4341,u'info
4342,u'ham
4343,u'info
4344,u'ham
4345,u'ham
4346,u'spam
4347,u'info
4348,u'info
4349,u'spam
4350,u'spam
4351,u'info
4352,u'ham
4353,u'ham
4354,u'info
4355,u'ham
4356,u'info
4357,u'info
4358,u'info
4359,u'ham
4360,u'ham
4361,u'info
4362,u'ham
4363,u'spam
4364,u'info
4365,u'ham
4366,u'ham
4367,u'spam
4368,u'ham
4369,u'spam
4370,u'info
4371,u'ham
4372,u'ham
4373,u'spam
4374,u'ham
4375,u'ham
4376,u'info
4377,u'spam
4378,u'ham
4379,u'info
4380,u'ham
4381,u'info
4382,u'info
4383,u'ham
4384,u'info
4385,u'info
4386,u'info
4387,u'info
4388,u'info
4389,u'ham
4390,u'ham
4391,u'ham
4392,u'spam
4393,u'spam
4394,u'spam
4395,u'info
4396,u'spam
4397,u'ham
4398,u'info
4399,u'info
4400,u'ham
4401,u'ham
4402,u'ham
4403,u'info
4404,u'ham
4405,u'spam
4406,u'ham
4407,u'info
4408,u'spam
4409,u'spam
4410,u'ham
4411,u'ham
4412,u'spam
4413,u'info
4414,u'spam
4415,u'info
4416,u'ham
4417,u'ham
4418,u'info
4419,u'ham
4420,u'spam
4421,u'spam
4422,u'spam
4423,u'ham
4424,u'ham
4425,u'info
4426,u'info
4427,u'info
4428,u'ham
4429,u'info
4430,u'ham
4431,u'spam
4432,u'info
4433,u'ham
4434,u'spam
4435,u'info
4436,u'ham
4437,u'info
4438,u'spam
4439,u'ham
4440,u'ham
4441,u'ham
4442,u'info
4443,u'info
4444,u'ham
4445,u'info
4446,u'spam
4447,u'spam
4448,u'ham
4449,u'ham
4450,u'ham
4451,u'info
4452,u'info
4453,u'info
4454,u'info
4455,u'spam
4456,u'info
4457,u'info
4458,u'ham
4459,u'ham
4460,u'ham
4461,u'ham
4462,u'ham
4463,u'ham
4464,u'ham
4465,u'ham
4466,u'info
4467,u'ham
4468,u'info
4469,u'info
4470,u'ham
4471,u'spam
4472,u'info
4473,u'spam
4474,u'ham
4475,u'info
4476,u'info
4477,u'ham
4478,u'info
4479,u'info
4480,u'ham
4481,u'ham
4482,u'ham
4483,u'spam
4484,u'info
4485,u'info
4486,u'spam
4487,u'info
4488,u'info
4489,u'info
4490,u'info
4491,u'info
4492,u'ham
4493,u'info
4494,u'ham
4495,u'spam
4496,u'info
4497,u'ham
4498,u'info
4499,u'ham
4500,u'ham
4501,u'info
4502,u'spam
4503,u'spam
4504,u'ham
4505,u'spam
4506,u'info
4507,u'ham
4508,u'info
4509,u'info
4510,u'info
4511,u'info
4512,u'ham
4513,u'info
4514,u'ham
4515,u'info
4516,u'spam
4517,u'ham
4518,u'info
4519,u'spam
4520,u'info
4521,u'spam
4522,u'spam
4523,u'ham
4524,u'spam
4525,u'ham
4526,u'spam
4527,u'ham
4528,u'info
4529,u'ham
4530,u'info
4531,u'ham
4532,u'spam
4533,u'info
4534,u'ham
4535,u'spam
4536,u'spam
4537,u'info
4538,u'ham
4539,u'ham
4540,u'spam
4541,u'info
4542,u'ham
4543,u'ham
4544,u'ham
4545,u'info
4546,u'spam
4547,u'spam
4548,u'ham
4549,u'ham
4550,u'spam
4551,u'ham
4552,u'ham
4553,u'info
4554,u'info
4555,u'ham
4556,u'spam
4557,u'spam
4558,u'info
4559,u'spam
4560,u'info
4561,u'ham
4562,u'ham
4563,u'info
4564,u'info
4565,u'info
4566,u'ham
4567,u'ham
4568,u'info
4569,u'info
4570,u'info
4571,u'ham
4572,u'spam
4573,u'ham
4574,u'spam
4575,u'ham
4576,u'spam
4577,u'spam
4578,u'ham
4579,u'info
4580,u'spam
4581,u'info
4582,u'info
4583,u'info
4584,u'ham
4585,u'ham
4586,u'info
4587,u'ham
4588,u'spam
4589,u'ham
4590,u'spam
4591,u'ham
4592,u'info
4593,u'info
4594,u'ham
4595,u'spam
4596,u'spam
4597,u'spam
4598,u'ham
4599,u'spam
4600,u'info
4601,u'spam
4602,u'info
4603,u'info
4604,u'ham
4605,u'spam
4606,u'spam
4607,u'ham
4608,u'spam
4609,u'ham
4610,u'info
4611,u'ham
4612,u'spam
4613,u'ham
4614,u'spam
4615,u'info
4616,u'ham
4617,u'spam
4618,u'info
4619,u'ham
4620,u'ham
4621,u'spam
4622,u'ham
4623,u'info
4624,u'ham
4625,u'info
4626,u'info
4627,u'ham
4628,u'spam
4629,u'ham
4630,u'spam
4631,u'spam
4632,u'info
4633,u'spam
4634,u'info
4635,u'ham
4636,u'ham
4637,u'ham
4638,u'ham
4639,u'ham
4640,u'spam
4641,u'info
4642,u'info
4643,u'spam
4644,u'spam
4645,u'ham
4646,u'spam
4647,u'info
4648,u'ham
4649,u'ham
4650,u'ham
4651,u'spam
4652,u'ham
4653,u'ham
4654,u'info
4655,u'ham
4656,u'ham
4657,u'ham
4658,u'info
4659,u'info
4660,u'info
4661,u'spam
4662,u'info
4663,u'spam
4664,u'info
4665,u'spam
4666,u'info
4667,u'ham
4668,u'spam
4669,u'info
4670,u'spam
4671,u'ham
4672,u'info
4673,u'ham
4674,u'spam
4675,u'info
4676,u'spam
4677,u'ham
4678,u'spam
4679,u'spam
4680,u'info
4681,u'ham
4682,u'info
4683,u'info
4684,u'spam
4685,u'spam
4686,u'info
4687,u'info
4688,u'info
4689,u'ham
4690,u'info
4691,u'info
4692,u'info
4693,u'info
4694,u'info
4695,u'info
4696,u'spam
4697,u'info
4698,u'info
4699,u'ham
4700,u'info
4701,u'info
4702,u'info
4703,u'spam
4704,u'spam
4705,u'spam
4706,u'info
4707,u'spam
4708,u'ham
4709,u'ham
4710,u'ham
4711,u'ham
4712,u'ham
4713,u'ham
4714,u'ham
4715,u'info
4716,u'spam
4717,u'ham
4718,u'ham
4719,u'ham
4720,u'info
4721,u'ham
4722,u'info
4723,u'info
4724,u'info
4725,u'info
4726,u'info
4727,u'info
4728,u'info
4729,u'ham
4730,u'info
4731,u'info
4732,u'ham
4733,u'info
4734,u'ham
4735,u'ham
4736,u'spam
4737,u'spam
4738,u'spam
4739,u'spam
4740,u'info
4741,u'info
4742,u'ham
4743,u'ham
4744,u'info
4745,u'ham
4746,u'spam
4747,u'info
4748,u'ham
4749,u'info
4750,u'spam
4751,u'spam
4752,u'ham
4753,u'info
4754,u'ham
4755,u'ham
4756,u'ham
4757,u'info
4758,u'ham
4759,u'ham
4760,u'spam
4761,u'spam
4762,u'info
4763,u'ham
4764,u'info
4765,u'info
4766,u'ham
4767,u'info
4768,u'info
4769,u'ham
4770,u'info
4771,u'ham
4772,u'ham
4773,u'ham
4774,u'info
4775,u'info
4776,u'info
4777,u'info
4778,u'info
4779,u'spam
4780,u'spam
4781,u'ham
4782,u'ham
4783,u'ham
4784,u'info
4785,u'ham
4786,u'info
4787,u'spam
4788,u'info
4789,u'ham
4790,u'info
4791,u'info
4792,u'ham
4793,u'info
4794,u'ham
4795,u'ham
4796,u'spam
4797,u'info
4798,u'info
4799,u'info
4800,u'info
4801,u'info
4802,u'info
4803,u'spam
4804,u'ham
4805,u'spam
4806,u'info
4807,u'ham
4808,u'info
4809,u'spam
4810,u'ham
4811,u'ham
4812,u'info
4813,u'ham
4814,u'spam
4815,u'info
4816,u'info
4817,u'info
4818,u'info
4819,u'ham
4820,u'spam
4821,u'spam
4822,u'info
4823,u'spam
4824,u'spam
4825,u'info
4826,u'spam
4827,u'info
4828,u'ham
4829,u'spam
4830,u'info
4831,u'info
4832,u'info
4833,u'spam
4834,u'spam
4835,u'spam
4836,u'info
4837,u'ham
4838,u'ham
4839,u'info
4840,u'ham
4841,u'info
4842,u'spam
4843,u'spam
4844,u'info
4845,u'ham
4846,u'ham
4847,u'spam
4848,u'spam
4849,u'spam
4850,u'spam
4851,u'ham
4852,u'ham
4853,u'info
4854,u'info
4855,u'info
4856,u'spam
4857,u'info
4858,u'ham
4859,u'ham
4860,u'info
4861,u'spam
4862,u'info
4863,u'info
4864,u'spam
4865,u'spam
4866,u'info
4867,u'info
4868,u'ham
4869,u'spam
4870,u'ham
4871,u'ham
4872,u'info
4873,u'info
4874,u'spam
4875,u'info
4876,u'spam
4877,u'ham
4878,u'spam
4879,u'ham
4880,u'ham
4881,u'info
4882,u'info
4883,u'info
4884,u'ham
4885,u'info
4886,u'spam
4887,u'spam
4888,u'spam
4889,u'ham
4890,u'ham
4891,u'ham
4892,u'ham
4893,u'ham
4894,u'info
4895,u'ham
4896,u'spam
4897,u'info
4898,u'ham
4899,u'spam
4900,u'info
4901,u'info
4902,u'spam
4903,u'info
4904,u'spam
4905,u'info
4906,u'spam
4907,u'ham
4908,u'spam
4909,u'spam
4910,u'ham
4911,u'spam
4912,u'info
4913,u'spam
4914,u'info
4915,u'spam
4916,u'info
4917,u'ham
4918,u'spam
4919,u'ham
4920,u'info
4921,u'info
4922,u'info
4923,u'info
4924,u'spam
4925,u'info
4926,u'info
4927,u'ham
4928,u'info
4929,u'ham
4930,u'spam
4931,u'info
4932,u'ham
4933,u'ham
4934,u'info
4935,u'ham
4936,u'spam
4937,u'ham
4938,u'info
4939,u'ham
4940,u'info
4941,u'spam
4942,u'spam
4943,u'spam
4944,u'info
4945,u'ham
4946,u'spam
4947,u'info
4948,u'info
4949,u'info
4950,u'ham
4951,u'ham
4952,u'ham
4953,u'spam
4954,u'ham
4955,u'info
4956,u'info
4957,u'info
4958,u'spam
4959,u'info
4960,u'info
4961,u'ham
4962,u'spam
4963,u'spam
4964,u'info
4965,u'info
4966,u'spam
4967,u'info
4968,u'spam
4969,u'info
4970,u'ham
4971,u'ham
4972,u'ham
4973,u'info
4974,u'spam
4975,u'info
4976,u'ham
4977,u'info
4978,u'spam
4979,u'ham
4980,u'info
4981,u'spam
4982,u'info
4983,u'ham
4984,u'spam
4985,u'info
4986,u'spam
4987,u'info
4988,u'spam
4989,u'info
4990,u'spam
4991,u'ham
4992,u'info
4993,u'info
4994,u'info
4995,u'info
4996,u'info
4997,u'spam
4998,u'spam
4999,u'spam
5000,u'info
5001,u'ham
5002,u'ham
5003,u'ham
5004,u'ham
5005,u'info
5006,u'info
5007,u'ham
5008,u'info
5009,u'spam
5010,u'info
5011,u'info
5012,u'spam
5013,u'ham
5014,u'spam
5015,u'info
5016,u'spam
5017,u'ham
5018,u'info
5019,u'ham
5020,u'info
5021,u'ham
5022,u'ham
5023,u'spam
5024,u'info
5025,u'info
5026,u'info
5027,u'info
5028,u'ham
5029,u'info
5030,u'info
5031,u'ham
5032,u'info
5033,u'info
5034,u'info
5035,u'info
5036,u'ham
5037,u'info
5038,u'spam
5039,u'info
5040,u'ham
5041,u'ham
5042,u'info
5043,u'ham
5044,u'ham
5045,u'ham
5046,u'ham
5047,u'info
5048,u'info
5049,u'info
5050,u'ham
5051,u'ham
5052,u'ham
5053,u'info
5054,u'info
5055,u'ham
5056,u'spam
5057,u'info
5058,u'info
5059,u'info
5060,u'ham
5061,u'info
5062,u'info
5063,u'info
5064,u'ham
5065,u'spam
5066,u'info
5067,u'info
5068,u'info
5069,u'ham
5070,u'info
5071,u'ham
5072,u'info
5073,u'ham
5074,u'info
5075,u'ham
5076,u'ham
5077,u'ham
5078,u'info
5079,u'info
5080,u'info
5081,u'ham
5082,u'info
5083,u'info
5084,u'info
5085,u'info
5086,u'ham
5087,u'spam
5088,u'info
5089,u'ham
5090,u'info
5091,u'info
5092,u'ham
5093,u'info
5094,u'ham
5095,u'info
5096,u'spam
5097,u'ham
5098,u'spam
5099,u'ham
5100,u'info
5101,u'ham
5102,u'ham
5103,u'ham
5104,u'info
5105,u'info
5106,u'spam
5107,u'ham
5108,u'spam
5109,u'info
5110,u'spam
5111,u'ham
5112,u'ham
5113,u'info
5114,u'ham
5115,u'info
5116,u'info
5117,u'ham
5118,u'spam
5119,u'info
5120,u'info
5121,u'info
5122,u'ham
5123,u'info
5124,u'ham
5125,u'ham
5126,u'spam
5127,u'info
5128,u'info
5129,u'ham
5130,u'spam
5131,u'info
5132,u'info
5133,u'ham
5134,u'spam
5135,u'info
5136,u'info
5137,u'ham
5138,u'spam
5139,u'info
5140,u'ham
5141,u'ham
5142,u'ham
5143,u'spam
5144,u'ham
5145,u'info
5146,u'ham
5147,u'info
5148,u'info
5149,u'ham
5150,u'ham
5151,u'ham
5152,u'ham
5153,u'info
5154,u'info
5155,u'ham
5156,u'info
5157,u'ham
5158,u'ham
5159,u'info
5160,u'spam
5161,u'info
5162,u'ham
5163,u'spam
5164,u'ham
5165,u'ham
5166,u'info
5167,u'ham
5168,u'ham
5169,u'info
5170,u'ham
5171,u'spam
5172,u'ham
5173,u'ham
5174,u'spam
5175,u'spam
5176,u'ham
5177,u'spam
5178,u'spam
5179,u'info
5180,u'ham
5181,u'ham
5182,u'ham
5183,u'spam
5184,u'ham
5185,u'ham
5186,u'spam
5187,u'ham
5188,u'ham
5189,u'info
5190,u'spam
5191,u'info
5192,u'info
5193,u'ham
5194,u'info
5195,u'spam
5196,u'info
5197,u'spam
5198,u'spam
5199,u'info
5200,u'info
5201,u'info
5202,u'spam
5203,u'info
5204,u'spam
5205,u'ham
5206,u'info
5207,u'ham
5208,u'ham
5209,u'info
5210,u'ham
5211,u'info
5212,u'ham
5213,u'spam
5214,u'info
5215,u'ham
5216,u'info
5217,u'ham
5218,u'info
5219,u'ham
5220,u'info
5221,u'ham
5222,u'ham
5223,u'info
5224,u'spam
5225,u'info
5226,u'spam
5227,u'info
5228,u'ham
5229,u'spam
5230,u'info
5231,u'info
5232,u'spam
5233,u'info
5234,u'spam
5235,u'ham
5236,u'info
5237,u'ham
5238,u'info
5239,u'spam
5240,u'info
5241,u'ham
5242,u'spam
5243,u'spam
5244,u'spam
5245,u'ham
5246,u'ham
5247,u'ham
5248,u'spam
5249,u'info
5250,u'spam
5251,u'info
5252,u'spam
5253,u'spam
5254,u'info
5255,u'info
5256,u'spam
5257,u'spam
5258,u'ham
5259,u'ham
5260,u'ham
5261,u'info
5262,u'info
5263,u'info
5264,u'spam
5265,u'info
5266,u'ham
5267,u'info
5268,u'ham
5269,u'info
5270,u'info
5271,u'ham
5272,u'ham
5273,u'ham
5274,u'ham
5275,u'ham
5276,u'ham
5277,u'info
5278,u'ham
5279,u'info
5280,u'info
5281,u'spam
5282,u'ham
5283,u'ham
5284,u'info
5285,u'spam
5286,u'info
5287,u'info
5288,u'info
5289,u'info
5290,u'info
5291,u'ham
5292,u'ham
5293,u'spam
5294,u'info
5295,u'info
5296,u'info
5297,u'spam
5298,u'ham
5299,u'ham
5300,u'spam
5301,u'ham
5302,u'spam
5303,u'spam
5304,u'info
5305,u'ham
5306,u'info
5307,u'spam
5308,u'spam
5309,u'spam
5310,u'ham
5311,u'info
5312,u'ham
5313,u'info
5314,u'ham
5315,u'info
5316,u'info
5317,u'spam
5318,u'info
5319,u'info
5320,u'ham
5321,u'info
5322,u'info
5323,u'ham
5324,u'info
5325,u'ham
5326,u'ham
5327,u'info
5328,u'info
5329,u'ham
5330,u'ham
5331,u'spam
5332,u'info
5333,u'ham
5334,u'info
5335,u'info
5336,u'ham
5337,u'info
5338,u'spam
5339,u'info
5340,u'spam
5341,u'ham
5342,u'spam
5343,u'spam
5344,u'spam
5345,u'spam
5346,u'spam
5347,u'spam
5348,u'spam
5349,u'spam
5350,u'ham
5351,u'ham
5352,u'ham
5353,u'ham
5354,u'ham
5355,u'info
5356,u'info
5357,u'info
5358,u'spam
5359,u'ham
5360,u'ham
5361,u'spam
5362,u'ham
5363,u'spam
5364,u'ham
5365,u'spam
5366,u'info
5367,u'info
5368,u'info
5369,u'info
5370,u'info
5371,u'spam
5372,u'info
5373,u'info
5374,u'spam
5375,u'spam
5376,u'ham
5377,u'info
5378,u'spam
5379,u'info
5380,u'spam
5381,u'ham
5382,u'info
5383,u'ham
5384,u'spam
5385,u'spam
5386,u'ham
5387,u'spam
5388,u'spam
5389,u'info
5390,u'info
5391,u'info
5392,u'spam
5393,u'ham
5394,u'ham
5395,u'info
5396,u'info
5397,u'ham
5398,u'info
5399,u'info
5400,u'ham
5401,u'ham
5402,u'spam
5403,u'ham
5404,u'ham
5405,u'info
5406,u'info
5407,u'info
5408,u'ham
5409,u'spam
5410,u'info
5411,u'spam
5412,u'info
5413,u'spam
5414,u'spam
5415,u'info
5416,u'ham
5417,u'info
5418,u'info
5419,u'ham
5420,u'ham
5421,u'info
5422,u'spam
5423,u'spam
5424,u'ham
5425,u'info
5426,u'ham
5427,u'info
5428,u'ham
5429,u'ham
5430,u'info
5431,u'spam
5432,u'ham
5433,u'ham
5434,u'info
5435,u'ham
5436,u'ham
5437,u'ham
5438,u'ham
5439,u'ham
5440,u'ham
5441,u'ham
5442,u'spam
5443,u'spam
5444,u'info
5445,u'ham
5446,u'info
5447,u'ham
5448,u'info
5449,u'ham
5450,u'info
5451,u'spam
5452,u'spam
5453,u'info
5454,u'ham
5455,u'info
5456,u'spam
5457,u'ham
5458,u'spam
5459,u'ham
5460,u'ham
5461,u'info
5462,u'info
5463,u'ham
5464,u'info
5465,u'ham
5466,u'info
5467,u'ham
5468,u'ham
5469,u'ham
5470,u'info
5471,u'ham
5472,u'spam
5473,u'spam
5474,u'ham
5475,u'info
5476,u'info
5477,u'ham
5478,u'ham
5479,u'ham
5480,u'ham
5481,u'ham
5482,u'spam
5483,u'ham
5484,u'info
5485,u'info
5486,u'info
5487,u'ham
5488,u'info
5489,u'ham
5490,u'spam
5491,u'ham
5492,u'spam
5493,u'spam
5494,u'ham
5495,u'info
5496,u'info
5497,u'spam
5498,u'ham
5499,u'info
5500,u'info
5501,u'info
5502,u'ham
5503,u'info
5504,u'info
5505,u'spam
5506,u'ham
5507,u'ham
5508,u'info
5509,u'ham
5510,u'spam
5511,u'ham
5512,u'spam
5513,u'info
5514,u'spam
5515,u'spam
5516,u'info
5517,u'info
5518,u'spam
5519,u'info
5520,u'ham
5521,u'ham
5522,u'spam
5523,u'spam
5524,u'ham
5525,u'ham
5526,u'ham
5527,u'info
5528,u'info
5529,u'info
5530,u'spam
5531,u'info
5532,u'spam
5533,u'ham
5534,u'ham
5535,u'spam
5536,u'info
5537,u'info
5538,u'spam
5539,u'info
5540,u'spam
5541,u'info
5542,u'spam
5543,u'spam
5544,u'ham
5545,u'ham
5546,u'info
5547,u'info
5548,u'ham
5549,u'info
5550,u'info
5551,u'ham
5552,u'ham
5553,u'spam
5554,u'spam
5555,u'info
5556,u'info
5557,u'info
5558,u'ham
5559,u'info
5560,u'ham
5561,u'info
5562,u'spam
5563,u'ham
5564,u'info
5565,u'ham
5566,u'ham
5567,u'spam
5568,u'info
5569,u'spam
5570,u'spam
5571,u'ham
5572,u'info
5573,u'ham
5574,u'info
5575,u'ham
5576,u'ham
5577,u'ham
5578,u'ham
5579,u'ham
5580,u'spam
5581,u'info
5582,u'spam
5583,u'spam
5584,u'info
5585,u'info
5586,u'info
5587,u'info
5588,u'ham
5589,u'info
5590,u'info
5591,u'info
5592,u'info
5593,u'spam
5594,u'spam
5595,u'info
5596,u'spam
5597,u'info
5598,u'info
5599,u'ham
5600,u'info
5601,u'spam
5602,u'info
5603,u'info
5604,u'ham
5605,u'ham
5606,u'info
5607,u'info
5608,u'info
5609,u'info
5610,u'ham
5611,u'ham
5612,u'info
5613,u'ham
5614,u'info
5615,u'info
5616,u'info
5617,u'spam
5618,u'info
5619,u'info
5620,u'spam
5621,u'spam
5622,u'info
5623,u'info
5624,u'info
5625,u'ham
5626,u'info
5627,u'ham
5628,u'ham
5629,u'ham
5630,u'spam
5631,u'ham
5632,u'ham
5633,u'info
5634,u'info
5635,u'spam
5636,u'info
5637,u'ham
5638,u'info
5639,u'spam
5640,u'info
5641,u'spam
5642,u'info
5643,u'ham
5644,u'spam
5645,u'ham
5646,u'info
5647,u'info
5648,u'spam
5649,u'spam
5650,u'ham
5651,u'ham
5652,u'info
5653,u'info
5654,u'spam
5655,u'ham
5656,u'info
5657,u'ham
5658,u'ham
5659,u'info
5660,u'ham
5661,u'info
5662,u'ham
5663,u'ham
5664,u'ham
5665,u'spam
5666,u'info
5667,u'ham
5668,u'spam
5669,u'info
5670,u'ham
5671,u'spam
5672,u'ham
5673,u'info
5674,u'spam
5675,u'info
5676,u'ham
5677,u'ham
5678,u'info
5679,u'spam
5680,u'spam
5681,u'ham
5682,u'info
5683,u'spam
5684,u'spam
5685,u'ham
5686,u'info
5687,u'ham
5688,u'info
5689,u'spam
5690,u'info
5691,u'spam
5692,u'spam
5693,u'ham
5694,u'spam
5695,u'info
5696,u'spam
5697,u'info
5698,u'info
5699,u'info
5700,u'spam
5701,u'ham
5702,u'info
5703,u'info
5704,u'ham
5705,u'info
5706,u'spam
5707,u'spam
5708,u'spam
5709,u'ham
5710,u'ham
5711,u'info
5712,u'spam
5713,u'info
5714,u'spam
5715,u'spam
5716,u'info
5717,u'ham
5718,u'info
5719,u'ham
5720,u'ham
5721,u'ham
5722,u'info
5723,u'ham
5724,u'info
5725,u'spam
5726,u'info
5727,u'info
5728,u'ham
5729,u'spam
5730,u'spam
5731,u'info
5732,u'info
5733,u'ham
5734,u'info
5735,u'info
5736,u'info
5737,u'ham
5738,u'ham
5739,u'ham
5740,u'ham
5741,u'spam
5742,u'info
5743,u'info
5744,u'ham
5745,u'spam
5746,u'spam
5747,u'ham
5748,u'info
5749,u'info
5750,u'spam
5751,u'ham
5752,u'info
5753,u'info
5754,u'spam
5755,u'info
5756,u'info
5757,u'info
5758,u'spam
5759,u'spam
5760,u'info
5761,u'info
5762,u'spam
5763,u'spam
5764,u'spam
5765,u'ham
5766,u'info
5767,u'info
5768,u'spam
5769,u'info
5770,u'info
5771,u'info
5772,u'spam
5773,u'spam
5774,u'info
5775,u'info
5776,u'ham
5777,u'spam
5778,u'ham
5779,u'ham
5780,u'info
5781,u'ham
5782,u'spam
5783,u'info
5784,u'spam
5785,u'spam
5786,u'ham
5787,u'ham
5788,u'info
5789,u'info
5790,u'info
5791,u'info
5792,u'info
5793,u'ham
5794,u'spam
5795,u'info
5796,u'spam
5797,u'info
5798,u'info
5799,u'info
5800,u'ham
5801,u'info
5802,u'spam
5803,u'spam
5804,u'ham
5805,u'info
5806,u'spam
5807,u'info
5808,u'info
5809,u'info
5810,u'info
5811,u'info
5812,u'spam
5813,u'spam
5814,u'ham
5815,u'ham
5816,u'info
5817,u'ham
5818,u'ham
5819,u'ham
5820,u'ham
5821,u'ham
5822,u'info
5823,u'ham
5824,u'ham
5825,u'info
5826,u'spam
5827,u'ham
5828,u'info
5829,u'ham
5830,u'info
5831,u'info
5832,u'spam
5833,u'ham
5834,u'info
5835,u'spam
5836,u'info
5837,u'spam
5838,u'spam
5839,u'info
5840,u'info
5841,u'ham
5842,u'ham
5843,u'ham
5844,u'ham
5845,u'info
5846,u'ham
5847,u'spam
5848,u'info
5849,u'spam
5850,u'spam
5851,u'ham
5852,u'spam
5853,u'spam
5854,u'info
5855,u'info
5856,u'ham
5857,u'ham
5858,u'ham
5859,u'info
5860,u'info
5861,u'info
5862,u'ham
5863,u'ham
5864,u'ham
5865,u'spam
5866,u'info
5867,u'ham
5868,u'info
5869,u'info
5870,u'ham
5871,u'info
5872,u'spam
5873,u'info
5874,u'ham
5875,u'ham
5876,u'ham
5877,u'ham
5878,u'info
5879,u'info
5880,u'info
5881,u'ham
5882,u'spam
5883,u'ham
5884,u'spam
5885,u'ham
5886,u'spam
5887,u'info
5888,u'spam
5889,u'ham
5890,u'info
5891,u'spam
5892,u'info
5893,u'spam
5894,u'info
5895,u'ham
5896,u'ham
5897,u'ham
5898,u'spam
5899,u'ham
5900,u'ham
5901,u'spam
5902,u'ham
5903,u'info
5904,u'info
5905,u'ham
5906,u'spam
5907,u'info
5908,u'spam
5909,u'info
5910,u'ham
5911,u'ham
5912,u'info
5913,u'info
5914,u'spam
5915,u'info
5916,u'info
5917,u'info
5918,u'spam
5919,u'spam
5920,u'ham
5921,u'info
5922,u'spam
5923,u'spam
5924,u'spam
5925,u'spam
5926,u'spam
5927,u'spam
5928,u'ham
5929,u'ham
5930,u'spam
5931,u'ham
5932,u'spam
5933,u'info
5934,u'spam
5935,u'ham
5936,u'spam
5937,u'ham
5938,u'info
5939,u'info
5940,u'ham
5941,u'ham
5942,u'ham
5943,u'info
5944,u'info
5945,u'ham
5946,u'spam
5947,u'spam
5948,u'spam
5949,u'ham
5950,u'info
5951,u'ham
5952,u'info
5953,u'info
5954,u'info
5955,u'ham
5956,u'info
5957,u'info
5958,u'ham
5959,u'info
5960,u'info
5961,u'ham
5962,u'spam
5963,u'info
5964,u'ham
5965,u'info
5966,u'info
5967,u'info
5968,u'ham
5969,u'spam
5970,u'spam
5971,u'ham
5972,u'spam
5973,u'spam
5974,u'spam
5975,u'info
5976,u'ham
5977,u'info
5978,u'spam
5979,u'ham
5980,u'ham
5981,u'ham
5982,u'info
5983,u'spam
5984,u'info
5985,u'ham
5986,u'ham
5987,u'info
5988,u'info
5989,u'info
5990,u'ham
5991,u'ham
5992,u'ham
5993,u'info
5994,u'spam
5995,u'spam
5996,u'ham
5997,u'info
5998,u'ham
5999,u'info
6000,u'spam
6001,u'info
6002,u'info
6003,u'spam
6004,u'info
6005,u'ham
6006,u'info
6007,u'spam
6008,u'info
6009,u'ham
6010,u'ham
6011,u'info
6012,u'ham
6013,u'info
6014,u'info
6015,u'ham
6016,u'info
6017,u'spam
6018,u'info
6019,u'info
6020,u'spam
6021,u'spam
6022,u'info
6023,u'ham
6024,u'ham
6025,u'info
6026,u'info
6027,u'ham
6028,u'ham
6029,u'info
6030,u'info
6031,u'info
6032,u'spam
6033,u'spam
6034,u'info
6035,u'info
6036,u'ham
6037,u'info
6038,u'ham
6039,u'info
6040,u'spam
6041,u'ham
6042,u'spam
6043,u'info
6044,u'ham
6045,u'spam
6046,u'info
6047,u'info
6048,u'info
6049,u'info
6050,u'spam
6051,u'info
6052,u'ham
6053,u'ham
6054,u'info
6055,u'info
6056,u'info
6057,u'info
6058,u'info
6059,u'ham
6060,u'ham
6061,u'ham
6062,u'spam
6063,u'ham
6064,u'spam
6065,u'info
6066,u'spam
6067,u'info
6068,u'spam
6069,u'spam
6070,u'info
6071,u'info
6072,u'spam
6073,u'info
6074,u'spam
6075,u'ham
6076,u'info
6077,u'spam
6078,u'info
6079,u'info
6080,u'info
6081,u'info
6082,u'info
6083,u'info
6084,u'ham
6085,u'spam
6086,u'info
6087,u'info
6088,u'spam
6089,u'info
6090,u'info
6091,u'ham
6092,u'info
6093,u'ham
6094,u'info
6095,u'spam
6096,u'info
6097,u'info
6098,u'info
6099,u'info
6100,u'info
6101,u'spam
6102,u'ham
6103,u'info
6104,u'ham
6105,u'spam
6106,u'info
6107,u'ham
6108,u'ham
6109,u'spam
6110,u'spam
6111,u'spam
6112,u'ham
6113,u'info
6114,u'info
6115,u'ham
6116,u'ham
6117,u'spam
6118,u'ham
6119,u'ham
6120,u'ham
6121,u'ham
6122,u'info
6123,u'ham
6124,u'info
6125,u'ham
6126,u'info
6127,u'spam
6128,u'info
6129,u'info
6130,u'ham
6131,u'info
6132,u'spam
6133,u'ham
6134,u'ham
6135,u'info
6136,u'ham
6137,u'info
6138,u'spam
6139,u'spam
6140,u'info
6141,u'spam
6142,u'info
6143,u'spam
6144,u'info
6145,u'info
6146,u'ham
6147,u'info
6148,u'info
6149,u'spam
6150,u'info
6151,u'ham
6152,u'spam
6153,u'spam
6154,u'info
6155,u'ham
6156,u'info
6157,u'info
6158,u'ham
6159,u'info
6160,u'ham
6161,u'info
6162,u'ham
6163,u'info
6164,u'info
6165,u'spam
6166,u'spam
6167,u'spam
6168,u'ham
6169,u'ham
6170,u'spam
6171,u'info
6172,u'spam
6173,u'info
6174,u'info
6175,u'ham
6176,u'ham
6177,u'info
6178,u'info
6179,u'ham
6180,u'ham
6181,u'info
6182,u'spam
6183,u'ham
6184,u'ham
6185,u'info
6186,u'ham
6187,u'ham
6188,u'info
6189,u'info
6190,u'info
6191,u'info
6192,u'info
6193,u'ham
6194,u'info
6195,u'info
6196,u'spam
6197,u'spam
6198,u'info
6199,u'ham
6200,u'spam
6201,u'info
6202,u'ham
6203,u'ham
6204,u'info
6205,u'ham
6206,u'info
6207,u'info
6208,u'info
6209,u'info
6210,u'spam
6211,u'ham
6212,u'ham
6213,u'info
6214,u'spam
6215,u'ham
6216,u'ham
6217,u'ham
6218,u'ham
6219,u'spam
6220,u'spam
6221,u'ham
6222,u'info
6223,u'spam
6224,u'ham
6225,u'info
6226,u'spam
6227,u'info
6228,u'info
6229,u'info
6230,u'info
6231,u'info
6232,u'spam
6233,u'info
6234,u'ham
6235,u'spam
6236,u'info
6237,u'ham
6238,u'info
6239,u'info
6240,u'ham
6241,u'spam
6242,u'spam
6243,u'info
6244,u'info
6245,u'info
6246,u'ham
6247,u'ham
6248,u'ham
6249,u'spam
6250,u'info
6251,u'ham
6252,u'info
6253,u'ham
6254,u'spam
6255,u'ham
6256,u'info
6257,u'ham
6258,u'ham
6259,u'spam
6260,u'ham
6261,u'info
6262,u'spam
6263,u'spam
6264,u'spam
6265,u'info
6266,u'ham
6267,u'ham
6268,u'info
6269,u'spam
6270,u'ham
6271,u'spam
6272,u'info
6273,u'info
6274,u'info
6275,u'ham
6276,u'ham
6277,u'info
6278,u'info
6279,u'info
6280,u'ham
6281,u'info
6282,u'ham
6283,u'info
6284,u'info
6285,u'info
6286,u'info
6287,u'info
6288,u'ham
6289,u'spam
6290,u'spam
6291,u'ham
6292,u'ham
6293,u'ham
6294,u'ham
6295,u'info
6296,u'spam
6297,u'info
6298,u'ham
6299,u'ham
6300,u'ham
6301,u'ham
6302,u'ham
6303,u'ham
6304,u'ham
6305,u'info
6306,u'ham
6307,u'info
6308,u'info
6309,u'ham
6310,u'ham
6311,u'spam
6312,u'info
6313,u'info
6314,u'spam
6315,u'spam
6316,u'info
6317,u'ham
6318,u'spam
6319,u'info
6320,u'info
6321,u'ham
6322,u'info
6323,u'spam
6324,u'ham
6325,u'spam
6326,u'info
6327,u'info
6328,u'info
6329,u'info
6330,u'info
6331,u'spam
6332,u'spam
6333,u'spam
6334,u'info
6335,u'info
6336,u'ham
6337,u'ham
6338,u'ham
6339,u'ham
6340,u'info
6341,u'info
6342,u'ham
6343,u'info
6344,u'info
6345,u'info
6346,u'spam
6347,u'info
6348,u'ham
6349,u'info
6350,u'info
6351,u'info
6352,u'ham
6353,u'info
6354,u'spam
6355,u'ham
6356,u'info
6357,u'spam
6358,u'spam
6359,u'spam
6360,u'ham
6361,u'spam
6362,u'spam
6363,u'ham
6364,u'spam
6365,u'ham
6366,u'ham
6367,u'ham
6368,u'info
6369,u'info
6370,u'info
6371,u'ham
6372,u'ham
6373,u'info
6374,u'spam
6375,u'spam
6376,u'ham
6377,u'info
6378,u'info
6379,u'ham
6380,u'ham
6381,u'ham
6382,u'info
6383,u'info
6384,u'ham
6385,u'ham
6386,u'spam
6387,u'info
6388,u'ham
6389,u'info
6390,u'spam
6391,u'spam
6392,u'ham
6393,u'info
6394,u'spam
6395,u'info
6396,u'spam
6397,u'info
6398,u'info
6399,u'info
6400,u'spam
6401,u'ham
6402,u'ham
6403,u'ham
6404,u'ham
6405,u'spam
6406,u'ham
6407,u'spam
6408,u'info
6409,u'ham
6410,u'info
6411,u'spam
6412,u'spam
6413,u'spam
6414,u'spam
6415,u'ham
6416,u'ham
6417,u'info
6418,u'ham
6419,u'info
6420,u'info
6421,u'info
6422,u'ham
6423,u'info
6424,u'info
6425,u'spam
6426,u'ham
6427,u'spam
6428,u'info
6429,u'info
6430,u'spam
6431,u'info
6432,u'ham
6433,u'spam
6434,u'info
6435,u'ham
6436,u'info
6437,u'spam
6438,u'info
6439,u'info
6440,u'info
6441,u'ham
6442,u'info
6443,u'spam
6444,u'ham
6445,u'ham
6446,u'ham
6447,u'ham
6448,u'info
6449,u'spam
6450,u'ham
6451,u'spam
6452,u'ham
6453,u'spam
6454,u'spam
6455,u'ham
6456,u'spam
6457,u'ham
6458,u'info
6459,u'info
6460,u'info
6461,u'ham
6462,u'info
6463,u'ham
6464,u'ham
6465,u'spam
6466,u'spam
6467,u'info
6468,u'ham
6469,u'info
6470,u'info
6471,u'spam
6472,u'ham
6473,u'ham
6474,u'info
6475,u'info
6476,u'ham
6477,u'info
6478,u'info
6479,u'spam
6480,u'info
6481,u'info
6482,u'info
6483,u'info
6484,u'info
6485,u'ham
6486,u'ham
6487,u'info
6488,u'ham
6489,u'info
6490,u'ham
6491,u'spam
6492,u'ham
6493,u'spam
6494,u'info
6495,u'ham
6496,u'ham
6497,u'spam
6498,u'info
6499,u'info
6500,u'ham
6501,u'ham
6502,u'spam
6503,u'ham
6504,u'info
6505,u'info
6506,u'ham
6507,u'ham
6508,u'info
6509,u'info
6510,u'spam
6511,u'spam
6512,u'ham
6513,u'spam
6514,u'info
6515,u'ham
6516,u'ham
6517,u'ham
6518,u'info
6519,u'info
6520,u'info
6521,u'info
6522,u'spam
6523,u'info
6524,u'info
6525,u'info
6526,u'spam
6527,u'spam
6528,u'info
6529,u'ham
6530,u'ham
6531,u'ham
6532,u'info
6533,u'info
6534,u'info
6535,u'ham
6536,u'ham
6537,u'info
6538,u'ham
6539,u'info
6540,u'ham
6541,u'ham
6542,u'ham
6543,u'info
6544,u'info
6545,u'info
6546,u'ham
6547,u'spam
6548,u'info
6549,u'ham
6550,u'ham
6551,u'info
6552,u'ham
6553,u'info
6554,u'info
6555,u'ham
6556,u'ham
6557,u'ham
6558,u'spam
6559,u'ham
6560,u'ham
6561,u'spam
6562,u'info
6563,u'ham
6564,u'spam
6565,u'spam
6566,u'info
6567,u'spam
6568,u'info
6569,u'spam
6570,u'spam
6571,u'info
6572,u'ham
6573,u'spam
6574,u'ham
6575,u'ham
6576,u'info
6577,u'ham
6578,u'spam
6579,u'ham
6580,u'ham
6581,u'info
6582,u'spam
6583,u'info
6584,u'ham
6585,u'info
6586,u'info
6587,u'ham
6588,u'info
6589,u'info
6590,u'ham
6591,u'spam
6592,u'spam
6593,u'spam
6594,u'info
6595,u'spam
6596,u'ham
6597,u'spam
6598,u'info
6599,u'info
6600,u'spam
6601,u'info
6602,u'info
6603,u'spam
6604,u'info
6605,u'spam
6606,u'ham
6607,u'info
6608,u'ham
6609,u'ham
6610,u'info
6611,u'spam
6612,u'spam
6613,u'ham
6614,u'ham
6615,u'spam
6616,u'ham
6617,u'spam
6618,u'info
6619,u'info
6620,u'info
6621,u'ham
6622,u'spam
6623,u'ham
6624,u'ham
6625,u'ham
6626,u'spam
6627,u'info
6628,u'info
6629,u'info
6630,u'info
6631,u'ham
6632,u'spam
6633,u'info
6634,u'ham
6635,u'spam
6636,u'info
6637,u'info
6638,u'ham
6639,u'ham
6640,u'spam
6641,u'info
6642,u'info
6643,u'spam
6644,u'info
6645,u'spam
6646,u'ham
6647,u'spam
6648,u'info
6649,u'ham
6650,u'ham
6651,u'ham
6652,u'spam
6653,u'ham
6654,u'spam
6655,u'info
6656,u'ham
6657,u'info
6658,u'ham
6659,u'spam
6660,u'info
6661,u'ham
6662,u'info
6663,u'ham
6664,u'ham
6665,u'spam
6666,u'info
6667,u'spam
6668,u'info
6669,u'ham
6670,u'info
6671,u'spam
6672,u'spam
6673,u'info
6674,u'ham
6675,u'spam
6676,u'info
6677,u'info
6678,u'ham
6679,u'ham
6680,u'info
6681,u'info
6682,u'info
6683,u'info
6684,u'info
6685,u'ham
6686,u'spam
6687,u'info
6688,u'ham
6689,u'info
6690,u'info
6691,u'info
6692,u'spam
6693,u'info
6694,u'ham
6695,u'info
6696,u'spam
6697,u'ham
6698,u'ham
6699,u'spam
6700,u'info
6701,u'info
6702,u'info
6703,u'info
6704,u'ham
6705,u'info
6706,u'spam
6707,u'spam
6708,u'ham
6709,u'info
6710,u'spam
6711,u'info
6712,u'ham
6713,u'spam
6714,u'ham
6715,u'spam
6716,u'info
6717,u'info
6718,u'spam
6719,u'ham
6720,u'spam
6721,u'ham
6722,u'info
6723,u'spam
6724,u'ham
6725,u'ham
6726,u'spam
6727,u'ham
6728,u'ham
6729,u'spam
6730,u'ham
6731,u'info
6732,u'info
6733,u'info
6734,u'spam
6735,u'info
6736,u'spam
6737,u'ham
6738,u'ham
6739,u'info
6740,u'ham
6741,u'info
6742,u'ham
6743,u'ham
6744,u'info
6745,u'info
6746,u'ham
6747,u'ham
6748,u'info
6749,u'info
6750,u'spam
6751,u'info
6752,u'ham
6753,u'info
6754,u'info
6755,u'spam
6756,u'info
6757,u'info
6758,u'ham
6759,u'info
6760,u'spam
6761,u'info
6762,u'spam
6763,u'spam
6764,u'spam
6765,u'ham
6766,u'info
6767,u'ham
6768,u'info
6769,u'ham
6770,u'ham
6771,u'info
6772,u'ham
6773,u'info
6774,u'spam
6775,u'spam
6776,u'info
6777,u'spam
6778,u'info
6779,u'spam
6780,u'ham
6781,u'info
6782,u'ham
6783,u'spam
6784,u'info
6785,u'ham
6786,u'info
6787,u'ham
6788,u'ham
6789,u'ham
6790,u'info
6791,u'ham
6792,u'info
6793,u'spam
6794,u'info
6795,u'ham
6796,u'info
6797,u'spam
6798,u'spam
6799,u'info
6800,u'ham
6801,u'ham
6802,u'info
6803,u'ham
6804,u'info
6805,u'spam
6806,u'spam
6807,u'ham
6808,u'ham
6809,u'info
6810,u'info
6811,u'ham
6812,u'info
6813,u'ham
6814,u'ham
6815,u'spam
6816,u'info
6817,u'spam
6818,u'info
6819,u'info
6820,u'info
6821,u'info
6822,u'info
6823,u'info
6824,u'info
6825,u'info
6826,u'info
6827,u'ham
6828,u'ham
6829,u'ham
6830,u'spam
6831,u'info
6832,u'spam
6833,u'spam
6834,u'info
6835,u'ham
6836,u'spam
6837,u'ham
6838,u'spam
6839,u'info
6840,u'info
6841,u'spam
6842,u'spam
6843,u'ham
6844,u'spam
6845,u'spam
6846,u'ham
6847,u'info
6848,u'info
6849,u'spam
6850,u'info
6851,u'info
6852,u'ham
6853,u'info
6854,u'spam
6855,u'ham
6856,u'spam
6857,u'info
6858,u'info
6859,u'info
6860,u'info
6861,u'spam
6862,u'info
6863,u'info
6864,u'info
6865,u'spam
6866,u'info
6867,u'spam
6868,u'info
6869,u'info
6870,u'info
6871,u'spam
6872,u'info
6873,u'ham
6874,u'info
6875,u'info
6876,u'info
6877,u'spam
6878,u'spam
6879,u'ham
6880,u'spam
6881,u'info
6882,u'spam
6883,u'info
6884,u'spam
6885,u'spam
6886,u'info
6887,u'info
6888,u'spam
6889,u'ham
6890,u'spam
6891,u'ham
6892,u'ham
6893,u'ham
6894,u'info
6895,u'spam
6896,u'ham
6897,u'spam
6898,u'info
6899,u'info
6900,u'spam
6901,u'ham
6902,u'info
6903,u'info
6904,u'ham
6905,u'ham
6906,u'ham
6907,u'spam
6908,u'info
6909,u'info
6910,u'info
6911,u'ham
6912,u'info
6913,u'info
6914,u'spam
6915,u'ham
6916,u'spam
6917,u'ham
6918,u'ham
6919,u'ham
6920,u'info
6921,u'ham
6922,u'ham
6923,u'spam
6924,u'info
6925,u'ham
6926,u'ham
6927,u'spam
6928,u'ham
6929,u'ham
6930,u'spam
6931,u'info
6932,u'info
6933,u'info
6934,u'ham
6935,u'info
6936,u'ham
6937,u'spam
6938,u'ham
6939,u'ham
6940,u'info
6941,u'info
6942,u'ham
6943,u'spam
6944,u'info
6945,u'ham
6946,u'spam
6947,u'spam
6948,u'info
6949,u'ham
6950,u'info
6951,u'info
6952,u'ham
6953,u'spam
6954,u'ham
6955,u'info
6956,u'info
6957,u'ham
6958,u'ham
6959,u'info
6960,u'spam
6961,u'ham
6962,u'ham
6963,u'info
6964,u'ham
6965,u'info
6966,u'ham
6967,u'ham
6968,u'spam
6969,u'ham
6970,u'spam
6971,u'info
6972,u'ham
6973,u'ham
6974,u'spam
6975,u'ham
6976,u'spam
6977,u'info
6978,u'info
6979,u'ham
6980,u'info
6981,u'info
6982,u'info
6983,u'info
6984,u'ham
6985,u'spam
6986,u'ham
6987,u'info
6988,u'ham
6989,u'ham
6990,u'ham
6991,u'ham
6992,u'info
6993,u'info
6994,u'info
6995,u'ham
6996,u'info
6997,u'spam
6998,u'info
6999,u'ham
7000,u'info
7001,u'spam
7002,u'spam
7003,u'spam
7004,u'info
7005,u'spam
7006,u'ham
7007,u'info
7008,u'info
7009,u'ham
7010,u'ham
7011,u'spam
7012,u'info
7013,u'spam
7014,u'ham
7015,u'info
7016,u'info
7017,u'spam
7018,u'spam
7019,u'ham
7020,u'ham
7021,u'info
7022,u'info
7023,u'ham
7024,u'spam
7025,u'info
7026,u'ham
7027,u'ham
7028,u'ham
7029,u'info
7030,u'info
7031,u'spam
7032,u'ham
7033,u'ham
7034,u'ham
7035,u'ham
7036,u'info
7037,u'ham
7038,u'ham
7039,u'spam
7040,u'info
7041,u'info
7042,u'spam
7043,u'ham
7044,u'ham
7045,u'ham
7046,u'ham
7047,u'info
7048,u'ham
7049,u'ham
7050,u'info
7051,u'ham
7052,u'info
7053,u'info
7054,u'info
7055,u'spam
7056,u'info
7057,u'info
7058,u'spam
7059,u'ham
7060,u'ham
7061,u'spam
7062,u'spam
7063,u'info
7064,u'ham
7065,u'spam
7066,u'ham
7067,u'info
7068,u'spam
7069,u'ham
7070,u'spam
7071,u'ham
7072,u'ham
7073,u'info
7074,u'spam
7075,u'info
7076,u'spam
7077,u'spam
7078,u'info
7079,u'spam
7080,u'spam
7081,u'ham
7082,u'info
7083,u'ham
7084,u'ham
7085,u'ham
7086,u'ham
7087,u'info
7088,u'ham
7089,u'spam
7090,u'spam
7091,u'spam
7092,u'spam
7093,u'ham
7094,u'ham
7095,u'spam
7096,u'spam
7097,u'ham
7098,u'info
7099,u'spam
7100,u'info
7101,u'ham
7102,u'info
7103,u'info
7104,u'info
7105,u'info
7106,u'info
7107,u'ham
7108,u'spam
7109,u'info
7110,u'spam
7111,u'info
7112,u'info
7113,u'info
7114,u'ham
7115,u'info
7116,u'ham
7117,u'ham
7118,u'info
7119,u'info
7120,u'ham
7121,u'ham
7122,u'info
7123,u'info
7124,u'info
7125,u'ham
7126,u'info
7127,u'info
7128,u'info
7129,u'spam
7130,u'spam
7131,u'ham
7132,u'ham
7133,u'ham
7134,u'ham
7135,u'ham
7136,u'info
7137,u'ham
7138,u'info
7139,u'info
7140,u'spam
7141,u'info
7142,u'info
7143,u'ham
7144,u'spam
7145,u'spam
7146,u'info
7147,u'ham
7148,u'info
7149,u'ham
7150,u'info
7151,u'spam
7152,u'info
7153,u'info
7154,u'spam
7155,u'ham
7156,u'info
7157,u'spam
7158,u'spam
7159,u'spam
7160,u'ham
7161,u'info
7162,u'ham
7163,u'info
7164,u'info
7165,u'spam
7166,u'info
7167,u'info
7168,u'spam
7169,u'ham
7170,u'info
7171,u'info
7172,u'ham
7173,u'info
7174,u'info
7175,u'ham
7176,u'info
7177,u'info
7178,u'ham
7179,u'ham
7180,u'ham
7181,u'spam
7182,u'info
7183,u'ham
7184,u'info
7185,u'info
7186,u'ham
7187,u'spam
7188,u'spam
7189,u'ham
7190,u'ham
7191,u'spam
7192,u'spam
7193,u'ham
7194,u'info
7195,u'info
7196,u'ham
7197,u'spam
7198,u'info
7199,u'info
7200,u'info
7201,u'spam
7202,u'info
7203,u'spam
7204,u'info
7205,u'ham
7206,u'info
7207,u'ham
7208,u'spam
7209,u'spam
7210,u'ham
7211,u'spam
7212,u'spam
7213,u'info
7214,u'spam
7215,u'ham
7216,u'ham
7217,u'info
7218,u'info
7219,u'ham
7220,u'ham
7221,u'spam
7222,u'info
7223,u'info
7224,u'ham
7225,u'info
7226,u'info
7227,u'info
7228,u'info
7229,u'info
7230,u'ham
7231,u'ham
7232,u'info
7233,u'spam
7234,u'info
7235,u'ham
7236,u'ham
7237,u'ham
7238,u'spam
7239,u'info
7240,u'ham
7241,u'info
7242,u'ham
7243,u'ham
7244,u'info
7245,u'ham
7246,u'ham
7247,u'ham
7248,u'info
7249,u'spam
7250,u'info
7251,u'spam
7252,u'spam
7253,u'ham
7254,u'info
7255,u'info
7256,u'info
7257,u'info
7258,u'info
7259,u'ham
7260,u'spam
7261,u'ham
7262,u'ham
7263,u'info
7264,u'spam
7265,u'info
7266,u'spam
7267,u'info
7268,u'ham
7269,u'ham
7270,u'ham
7271,u'info
7272,u'ham
7273,u'ham
7274,u'ham
7275,u'ham
7276,u'info
7277,u'info
7278,u'spam
7279,u'info
7280,u'spam
7281,u'info
7282,u'ham
7283,u'ham
7284,u'info
7285,u'info
7286,u'ham
7287,u'ham
7288,u'spam
7289,u'spam
7290,u'spam
7291,u'ham
7292,u'info
7293,u'info
7294,u'spam
7295,u'info
7296,u'info
7297,u'info
7298,u'spam
7299,u'info
7300,u'info
7301,u'info
7302,u'ham
7303,u'info
7304,u'ham
7305,u'info
7306,u'spam
7307,u'ham
7308,u'ham
7309,u'info
7310,u'spam
7311,u'info
7312,u'info
7313,u'info
7314,u'ham
7315,u'spam
7316,u'info
7317,u'info
7318,u'info
7319,u'ham
7320,u'info
7321,u'ham
7322,u'spam
7323,u'ham
7324,u'ham
7325,u'ham
7326,u'ham
7327,u'info
7328,u'info
7329,u'ham
7330,u'ham
7331,u'info
7332,u'spam
7333,u'ham
7334,u'info
7335,u'ham
7336,u'ham
7337,u'ham
7338,u'ham
7339,u'ham
7340,u'info
7341,u'info
7342,u'info
7343,u'spam
7344,u'info
7345,u'info
7346,u'spam
7347,u'info
7348,u'ham
7349,u'info
7350,u'info
7351,u'info
7352,u'ham
7353,u'ham
7354,u'ham
7355,u'ham
7356,u'ham
7357,u'ham
7358,u'ham
7359,u'ham
7360,u'spam
7361,u'spam
7362,u'spam
7363,u'info
7364,u'ham
7365,u'info
7366,u'spam
7367,u'spam
7368,u'spam
7369,u'info
7370,u'spam
7371,u'ham
7372,u'spam
7373,u'ham
7374,u'spam
7375,u'ham
7376,u'ham
7377,u'info
7378,u'ham
7379,u'info
7380,u'spam
7381,u'info
7382,u'ham
7383,u'info
7384,u'info
7385,u'info
7386,u'info
7387,u'spam
7388,u'ham
7389,u'info
7390,u'info
7391,u'spam
7392,u'info
7393,u'info
7394,u'spam
7395,u'ham
7396,u'ham
7397,u'info
7398,u'spam
7399,u'info
7400,u'ham
7401,u'spam
7402,u'info
7403,u'spam
7404,u'ham
7405,u'ham
7406,u'ham
7407,u'ham
7408,u'spam
7409,u'ham
7410,u'info
7411,u'ham
7412,u'ham
7413,u'info
7414,u'info
7415,u'info
7416,u'spam
7417,u'ham
7418,u'info
7419,u'spam
7420,u'ham
7421,u'info
7422,u'ham
7423,u'spam
7424,u'ham
7425,u'spam
7426,u'info
7427,u'ham
7428,u'ham
7429,u'info
7430,u'ham
7431,u'ham
7432,u'info
7433,u'info
7434,u'ham
7435,u'spam
7436,u'spam
7437,u'spam
7438,u'spam
7439,u'info
7440,u'spam
7441,u'ham
7442,u'ham
7443,u'info
7444,u'spam
7445,u'spam
7446,u'info
7447,u'info
7448,u'ham
7449,u'ham
7450,u'spam
7451,u'spam
7452,u'spam
7453,u'spam
7454,u'info
7455,u'spam
7456,u'spam
7457,u'spam
7458,u'spam
7459,u'spam
7460,u'ham
7461,u'ham
7462,u'ham
7463,u'info
7464,u'ham
7465,u'ham
7466,u'info
7467,u'ham
7468,u'info
7469,u'spam
7470,u'ham
7471,u'info
7472,u'info
7473,u'info
7474,u'ham
7475,u'info
7476,u'info
7477,u'info
7478,u'info
7479,u'ham
7480,u'ham
7481,u'info
7482,u'ham
7483,u'spam
7484,u'info
7485,u'ham
7486,u'info
7487,u'ham
7488,u'info
7489,u'info
7490,u'ham
7491,u'spam
7492,u'info
7493,u'spam
7494,u'info
7495,u'ham
7496,u'info
7497,u'info
7498,u'info
7499,u'info
